datetime,ret_DE40,ret_FR40,ret_NL25,ret_IT40,ret_SP35,ret_UK100,ret_EU50
2024-06-11 10:00:00,-0.14873590765237701,-0.14536999216508573,-0.1490796231510252,-0.24965540218671325,-0.050476651193296265,-0.2517254240182537,-0.15935306043250536
2024-06-11 11:00:00,-0.5835541607990744,-1.0235503894026863,-0.4279460277768191,-0.7234465122749815,-0.5284321450893614,-0.5530980798362807,-0.8407952961296409
2024-06-11 12:00:00,0.13057744280486638,0.003833988306792641,0.1030911145381857,-0.02049600335110677,-0.11137098823505022,0.046514475408683385,0.04019858153140897
2024-06-11 13:00:00,-0.27768116108980156,-0.34308425126859854,-0.14870214016520952,-0.507883544818577,-0.48703208354062466,-0.18618785848521466,-0.29583736445661757
2024-06-11 14:00:00,0.05723271796325459,-0.025650562529225176,-0.014121915607005103,-0.17674875353883449,-0.09858840144270974,-0.19636244987966228,0.030227614163066546
2024-06-11 15:00:00,-0.002724624887442389,-0.019242240625861034,-0.22295583292463597,-0.15343535858635468,0.07171029349968235,0.012283955940622005,-0.020150727509444664
2024-06-11 16:00:00,0.19000079211888968,-0.0025659118610771832,0.34781131537088766,0.16817635923217703,0.3586749879453083,0.13011724661544247,0.15706809511829628
2024-06-11 17:00:00,-0.2112554143979883,-0.1900604142181047,-0.2661844327401602,-0.17703558612276554,-0.13491118905250385,-0.15591529716299457,-0.26191738388490704
2024-06-12 09:00:00,0.7195936173871608,0.5384214222511187,0.6268457103920524,0.802992725784813,0.4522614050255465,0.7856903546621333,0.6815672211811603
2024-06-12 10:00:00,-0.18144647569269834,-0.15610008927561986,0.04323529797021245,-0.24932548407913788,-0.29860214094367926,0.09503850993153432,-0.160423552492871
2024-06-12 11:00:00,0.031980140063719915,0.015364916803599455,-0.08432615258932859,0.13207327583135528,-0.21000056866610897,-0.16454689336770817,0.04013002180745178
2024-06-12 12:00:00,0.054180280787273244,0.061436070023997924,0.05946814034574966,0.2197352343174392,0.20553706007980446,0.018296364563415327,0.0802117633445177
2024-06-12 13:00:00,0.1650687845552941,0.2198364893535886,0.059432796765737456,0.13745505629839666,0.17660285013836363,0.11823574168569478,0.2002483748171303
2024-06-12 14:00:00,0.48281517850106676,0.2550176069032644,0.5042951109581153,0.2918304202962661,0.23143007347581676,0.2226833646122483,0.43913999270848636
2024-06-12 15:00:00,0.2687176804688539,0.17812616038612925,0.2812126187737672,0.08738331243598495,-0.04891171533070362,0.008508103974142348,0.258588253018926
2024-06-12 16:00:00,-0.05422280335891873,-0.03432821622344981,-0.17163887113128395,-0.014558583766692947,0.08980133171581493,-0.17395222526087079,-0.04570156955147147
2024-06-12 17:00:00,0.03597286503599119,0.012715528220164765,0.09980094297844402,-0.034949251131181636,-0.10492433962195304,-0.018264284243035205,0.03974167960900152
2024-06-13 09:00:00,-0.5258453476132917,-0.3987647415480725,-0.003217831074883887,-0.5755033265940104,-0.17541599002296124,-0.20966923837803692,-0.2884856514544327
2024-06-13 10:00:00,-0.19878574424801201,-0.3708871000881469,-0.23303150025948877,-0.425719961818057,-0.48241946047563583,-0.16487445799858072,-0.35528270340890483
2024-06-13 11:00:00,-0.3086840067193128,-0.2977032867265365,-0.16463034530025392,-0.08830672440803032,-0.17926613265741342,-0.02078125293984872,-0.28032536077719455
2024-06-13 12:00:00,-0.08410543518422794,-0.274104987757962,0.0053843627350382995,-0.22110858064748073,-0.0717965317219467,-0.10764263687382887,-0.12038041660792217
2024-06-13 13:00:00,0.04124763291642497,0.1223462292898611,0.032300089644411265,0.1621940786120243,0.2510626643793652,0.16752983074880679,0.06823336073199512
2024-06-13 14:00:00,0.013564582353733552,0.029598172850636116,-0.026916016807365457,0.1325088533111725,-0.07166789406069556,0.009774096209318453,-0.020063802960502582
2024-06-13 15:00:00,-0.44860559128700495,-0.6881664290395947,-0.38839609074912357,-0.6791197578001733,-0.5571745964605219,-0.32427632260883116,-0.6037936469354898
2024-06-13 16:00:00,-0.3034721481054067,-0.015548069479377332,-0.16227798528428294,-0.4543302743209075,-0.3764986502814091,-0.058849494121553686,-0.2749253773385141
2024-06-13 17:00:00,-0.2161571400503585,-0.1854674504602944,0.12119246194713222,-0.020835813862733685,0.11662230615685941,0.04291450882769711,-0.14180089482299696
2024-06-14 09:00:00,-0.28527559395216423,-1.1686723465649747,0.024869570046823247,-1.2430892438160568,-0.43826358678522415,-0.006129516689525031,-0.6324437190561215
2024-06-14 10:00:00,-0.29986679783052933,-0.32494684077002034,-0.11575014408905726,-0.468278801338573,-0.1634818354369156,-0.11039559538839207,-0.3064729433782755
2024-06-14 11:00:00,-0.475020915861225,-0.7579150728160067,-0.3882531339027356,-0.5861645890943447,-0.5057580504515995,-0.22361753534336282,-0.6157781316450817
2024-06-14 12:00:00,-0.2522349060966462,-0.17275522229790427,-0.34832241946969866,-0.5344829778415431,-0.41654711131638816,-0.0799847456366457,-0.2680192928841449
2024-06-14 13:00:00,0.050497904855154,0.12627355183945524,0.25591754913739945,0.030618962562578806,0.40375611615954266,0.2815085297394047,0.09904464008404941
2024-06-14 14:00:00,0.07209565741860957,-0.03321442599472137,0.04893086167008636,0.0,0.13696130701972106,0.15332817065924575,0.020621958334232554
2024-06-14 15:00:00,-0.05545358399974939,-0.25279081063323755,0.07389457319826441,-0.12866269178835466,-0.10955403478531087,-0.05271836866799726,-0.06187863734425657
2024-06-14 16:00:00,-0.21267211267576863,-0.2561025809545763,-0.20443011371270436,-0.19944774945436275,-0.02557988703982879,-0.08956231620364392,-0.2706529342434779
2024-06-14 17:00:00,0.13720585527230755,0.16014095823674748,-0.04572772486267071,0.2913665609818061,0.42760238929473265,0.06993908223172284,0.10338910372795543
2024-06-17 09:00:00,0.32255232026532066,0.3793101112053404,0.6480313151329994,0.7019178891257377,0.291615583236243,0.06253563815414036,0.6735419236430581
2024-06-17 10:00:00,-0.30534544080146037,-0.20345075333274465,-0.3902697811580126,-0.34423966242724885,-0.6096359257136685,-0.15579862196655317,-0.34959318322456046
2024-06-17 11:00:00,0.08876265450531015,0.003993211540900868,0.03800980698771279,-0.015259254767608718,-0.22843159729390639,-0.09580780215252939,0.06178178869444078
2024-06-17 12:00:00,-0.11929302274439837,0.046575689663139325,-0.05973618506868488,0.04577078073316884,-0.018297089898908277,0.06511016747118119,-0.08238420337031138
2024-06-17 13:00:00,0.2290278413044797,0.2922657977548925,0.22572393140986813,0.25897278503965776,0.22756049537917591,0.09697238274718768,0.3168075062832405
2024-06-17 14:00:00,-0.09698166144329051,-0.0836070517498607,-0.1117130717423864,-0.06087446352133389,-0.21475218093584603,-0.14733691244280397,-0.12331218037065463
2024-06-17 15:00:00,0.052658857743635726,0.026549495051810597,-0.04016042515486296,-0.12795712136292672,0.03658614706366384,-0.0614545071638787,-0.020566821675883973
2024-06-17 16:00:00,0.14121050183620423,0.4410165079296776,0.10850460038957233,0.2739936260122538,0.14438456314393208,0.05653953616120732,0.2978057017733593
2024-06-17 17:00:00,-0.038743815311352396,-0.017180427570583686,-0.0032534255863087016,0.05167016315074297,-0.16816403608337435,0.020886958627613906,-0.020509875576950002
2024-06-18 09:00:00,0.30842726668557907,0.20201360228696325,0.4900724360717772,0.9947472725868763,0.38890662320979336,0.3899070635288089,0.4114431882772356
2024-06-18 10:00:00,-0.13254031993785456,0.03560713499096477,-0.14363551454034265,-0.1897190920483597,0.18661222399941718,-0.028149879936948702,-0.0715227217296711
2024-06-18 11:00:00,0.22631687384735594,0.24363435309814452,0.18355761303077617,0.2799351656488299,0.3223363530378376,0.08564891810640027,0.25520373994273443
2024-06-18 12:00:00,-0.011027972463300688,0.12225181449637212,0.03451437234283093,0.12616592490498435,0.004532536816300524,-0.030580478883968032,0.10189941372473549
2024-06-18 13:00:00,-0.22081522880931484,-0.12882872821622024,-0.1478484014092503,-0.15622890707858406,-0.07435955908264795,0.0,-0.19982063577216072
2024-06-18 14:00:00,0.1104685635988663,0.22993499688238295,0.04319001514003648,0.0901618466115409,0.12692197816402245,0.11249007727752083,0.12238655275722565
2024-06-18 15:00:00,-0.08836508607928274,-0.06170205978685546,0.02158801441828226,-0.03906015313167731,0.16294905111945715,0.05864028022170171,-0.04077887710705531
2024-06-18 16:00:00,0.1424501665385221,0.15746174965450713,0.09169710394234792,0.015024941430991225,0.022610827064711517,0.023202281254677933,0.16912375532818133
2024-06-18 17:00:00,0.14334943874457134,0.1179338134959389,0.267060236474242,0.10511142778081854,0.24116529696966896,0.10739304441889544,0.1688382097394939
2024-06-19 09:00:00,-0.19081028443849643,-0.2005703159850149,-0.17760177749278816,0.3296327582832864,-0.0541438072713095,-0.22468077930604688,-0.1851268443807147
2024-06-19 10:00:00,-0.24926297977593564,-0.4247519355308524,-0.30535033786849536,-0.26061964305278235,-0.32095210109404154,-0.11620156772987449,-0.36719747501210775
2024-06-19 11:00:00,0.09126586377769225,0.013177313955393169,0.10260676052641159,-0.04500315098004529,0.07241719862784611,0.17119732222175335,0.0612932903038429
2024-06-19 12:00:00,0.03040345406654785,-0.03294654124068417,-0.010795755119576162,-0.0840601079234328,0.13112265462303396,0.19285702825950712,0.020422751015547424
2024-06-19 13:00:00,0.06575039949560584,0.1290883644095303,-0.005398314647478607,0.2399845161915745,0.1327559698089295,0.08288741195429197,0.11225063681840175
2024-06-19 14:00:00,-0.09394238155100418,-0.16204576397355222,-0.07020462234744464,-0.10492236708097484,-0.022565111725359792,0.0,-0.12246149096521873
2024-06-19 15:00:00,-0.024881880313825943,-0.039563222544856065,-0.08863619747334353,-0.21017557390830885,-0.1309781544090383,-0.026808998235179616,-0.10216592633657004
2024-06-19 16:00:00,0.02985751353327744,-0.06201386934369346,0.06162129048347323,-0.006011512047376954,-0.037970564228662004,0.0036561957287460562,0.008177116344464589
2024-06-19 17:00:00,-0.12446516167840035,-0.11885739833773011,-0.18714341400437384,-0.17449123698052155,-0.06422114000682173,-0.062173514867228205,-0.22511469886536808
2024-06-20 09:00:00,0.5310763163905057,0.49430986385969056,0.5356152928443406,0.6393154410211702,0.2521248946481558,0.2508953158861866,0.5862843002612742
2024-06-20 10:00:00,0.011011214933531077,0.032867275664477016,0.11301929527278856,0.1942850921990884,0.07217676402077809,-0.020681139482824618,0.10178946747241126
2024-06-20 11:00:00,0.11554461307056063,0.3320104096367764,0.05054823430800484,0.2981650165788762,0.18021432354648997,0.0,0.2438728193186727
2024-06-20 12:00:00,-0.1375682555396686,0.013100322286660528,-0.05054823430799758,-0.15493485408442445,-0.06303807708480348,-0.021902339987547974,-0.11982981540104429
2024-06-20 13:00:00,-0.029188799418584682,0.02226661000065919,0.11718982327406319,0.020870602341703116,0.036026624064561565,0.16172084190508768,0.02438380114899941
2024-06-20 14:00:00,-0.15434653855170632,-0.058951838057007135,-0.06879205723059682,0.1787124248858937,0.027011453020235245,0.002429897458426379,-0.060970654681236025
2024-06-20 15:00:00,0.385420585032357,0.4158499519648239,0.2652336307471393,0.16353962789753743,0.31908275129913144,0.3008506145066182,0.44625725694239615
2024-06-20 16:00:00,0.24972913265324517,0.24113200294525236,-0.008579548506526539,0.05940270754003039,0.1318297166462972,0.15371490732515822,0.12136169292325004
2024-06-20 17:00:00,0.0,-0.2737620502873049,0.026808645412493743,-0.029696942918001512,-0.10850024154340622,0.006046936321561794,-0.06066243563712106
2024-06-21 09:00:00,-0.13274532403914924,0.028715003786701623,-0.2007030645011613,-0.7303436744406923,-0.28481216720944624,-0.23973858195066866,-0.20855487184674631
2024-06-21 10:00:00,-0.2968454132070535,-0.34643501086754563,-0.26895039556820904,-0.10477160750060494,-0.45088585129352127,-0.059418068478255176,-0.40620739907251247
2024-06-21 11:00:00,-0.0357908825171776,-0.11793072282449257,-0.2372761820302486,-0.2999537321020922,-0.43023285315359333,-0.6730344091616062,-0.1018101938850392
2024-06-21 12:00:00,0.0027535996433165543,0.02621884888054688,0.11870846598182425,0.06006276739570184,0.10433158428089062,0.39609321573628836,0.0407365167764814
2024-06-21 13:00:00,-0.07437381723483716,-0.10098030430884225,-0.2235047979780189,-0.04504369314319724,-0.05532754500447737,-0.018246732364984836,-0.11002670276014101
2024-06-21 14:00:00,0.11016371440431781,0.131123484642555,0.07239682418527416,-0.030040404569757657,-0.004536402361525587,0.08998492751752918,0.061140890893160826
2024-06-21 15:00:00,-0.18735058764735826,-0.13112348464256568,-0.17081085234110244,-0.21053589141302523,-0.2953084482559124,0.11540261604730516,-0.2039485125275185
2024-06-21 16:00:00,0.4243416285791969,0.38239962784833115,0.3575039044999555,0.540485048676328,0.6783622045088399,0.28247750175178626,0.4928425754753052
2024-06-21 17:00:00,-0.10990280204366293,-0.2617596971401291,-0.21586158707893197,-0.2698773696728152,-0.20447499592155124,-0.32133508918454085,-0.18300499220830013
2024-06-24 09:00:00,0.3671521328077564,0.520228609391519,0.03456918191889012,0.7985208563495898,0.32822341404944305,0.3407034389406424,0.49739730820595096
2024-06-24 10:00:00,0.06571453842023359,0.08470545814111835,0.14031454341530797,0.3330709516021192,0.17587457013495153,0.21763583620253052,0.06073612366322855
2024-06-24 11:00:00,-0.12050966083367197,-0.07166917815551307,0.05930462803812925,0.044523598242192625,0.054053081440745145,-0.10029545704830262,-0.06073612366323223
2024-06-24 12:00:00,0.17523880765887487,0.24476629239119996,0.0484958222271888,0.15715813933277237,0.15299192127149042,0.06405569438453479,0.20231045359592167
2024-06-24 13:00:00,-0.012037842614277816,0.05460005595649037,-0.012929919852510519,-0.17199713624381333,-0.05756948976128138,0.05435472023373225,-0.04851719423207378
2024-06-24 14:00:00,-0.06294868248271421,-0.07800920904220217,-0.19199039474088858,-0.14851120276178081,-0.18462569019039435,-0.026569727575069604,-0.12139606953668186
2024-06-24 15:00:00,0.41800255930781305,0.3829606856108712,0.22108036375510753,0.44487357422863283,0.5438924546750423,0.23525874219675305,0.36374699094222906
2024-06-24 16:00:00,0.0,0.010364976752865076,-0.15308655612668923,0.07986748339121616,0.15050799279150098,-0.003615176511375088,-0.06860648398564191
2024-06-24 17:00:00,-0.09328435217857221,-0.18154238164162714,-0.07663125095057637,0.0,-0.03671022689646441,-0.23526725738207835,-0.14139702594160888
2024-06-25 09:00:00,-1.3063535884267332,-0.6092737527966378,-0.5163606504258096,-0.2131218708912843,-0.19093127346385613,0.09538010900991885,-0.638772488423636
2024-06-25 10:00:00,0.20548746963140138,-0.05878011833830357,0.26554970813555256,0.10365764292591254,0.05382034897858675,-0.17150798334167955,0.22352735323559292
2024-06-25 11:00:00,0.07998169121541537,0.019597212032698465,0.05951640393620514,-0.1866611901640246,-0.3143611631654615,-0.08465455402822522,0.020295914502099315
2024-06-25 12:00:00,0.002756848701569537,-0.09148653172278434,0.04866890639698295,-0.02966082864438933,-0.07199294780091135,0.006049131044162137,-0.0405959490818614
2024-06-25 13:00:00,-0.01599078052202401,-0.09811425209671024,-0.021627700843439047,-0.050443608084268,-0.06573882113996111,-0.08229955078747518,-0.07920953365715308
2024-06-25 14:00:00,0.06615215235728138,0.006543945870808746,0.08107977071584135,0.18384811025961137,0.25191423051501305,0.03389625357797,0.06093597848614878
2024-06-25 15:00:00,-0.09372846999059613,-0.032724012517713896,-0.0432343633449041,-0.356141586421536,-0.4909190026238408,-0.19627329473249866,-0.08125622565026423
2024-06-25 16:00:00,0.14166143087880803,0.1635130815021632,0.0,0.14260887483077167,0.15879893621434377,0.056983167259846645,0.09343896678208558
2024-06-25 17:00:00,0.12110737647847741,0.23238215110336935,0.1976445311037527,0.014843402135009835,0.1342409059688486,-0.13584321902671248,0.26359559445404074
2024-06-26 09:00:00,0.9984810261897006,0.39952942572039163,0.7203015543637097,0.31712186856223545,0.5074033238871315,0.7267922067105304,0.7364026378436885
2024-06-26 10:00:00,-0.24104281725891136,-0.2145323693897293,-0.32510583835580903,-0.24293788889899054,-0.20175488701455485,-0.07835054432553613,-0.28383089861198024
2024-06-26 11:00:00,-0.265162957125739,-0.40692346787698525,-0.12904753965874746,-0.16327745945955116,-0.269641271057632,-0.2209171976444098,-0.3028347626506059
2024-06-26 12:00:00,-0.33175892658583517,-0.35348679157916285,-0.35034234601942854,-0.18735507770329085,-0.3064749692409269,-0.31713779697355937,-0.40521156808683506
2024-06-26 13:00:00,-0.34829532988059436,-0.2797461783253323,-0.13723723119358938,-0.19963654912617132,-0.17981472186956168,-0.22454054500026513,-0.21746429048248778
2024-06-26 14:00:00,-0.4502309856309183,-0.5473034307428939,-0.3933024556208216,-0.44839773208451733,-0.6077943144734687,-0.2883932906163647,-0.46905357742039416
2024-06-26 15:00:00,0.43369395090404805,0.442031952220841,0.21147044855532154,0.38574295782970697,0.27260353092384015,0.1668097720885152,0.3978176307861409
2024-06-26 16:00:00,0.16029396160565923,0.2931685977475799,0.027079282889428336,0.19976154525970588,0.1713594478857899,0.16288826308645402,0.1790110122248632
2024-06-26 17:00:00,0.04127126560512277,0.039374213024441794,0.14934582821964554,-0.1400894416884562,-0.08065649382152282,-0.0826265569864765,0.06095331165189845
2024-06-27 09:00:00,0.22147307824224727,-0.11816917947659805,0.2041776081621043,0.13413218500340648,-0.3460195352273424,-0.06566387628474483,0.13193819088237835
2024-06-27 10:00:00,-0.1785690231509666,-0.17488383889345288,0.07120202255630088,-0.2774050995944098,-0.027296549885608076,-0.036498570877832696,-0.1624102025756501
2024-06-27 11:00:00,-0.18715258393823342,-0.3163558475192579,-0.1273363145252805,-0.24523376776191863,-0.22320116038435103,-0.1644086228149975,-0.2033843851102377
2024-06-27 12:00:00,0.1926517728092513,-0.04621895983976434,-0.007558946286491206,-0.12883896913302048,0.041033497587138965,-0.04266861787938427,0.04070998264985661
2024-06-27 13:00:00,0.08629764426328024,-0.062099083061321815,0.04858325916484217,-0.03598470688804131,-0.3808902079764578,-0.029269006770076468,-0.022388439517526306
2024-06-27 14:00:00,-0.07420049312762272,-0.10975860822459203,-0.035625415331914774,-0.18913244905378754,0.14631650865526305,0.21930902108369932,-0.08145478691760119
2024-06-27 15:00:00,0.1812818769665394,0.17582015356049963,0.07879072835713473,0.15913529855813335,0.2555398754865459,-0.07061373365238174,0.18318005610640894
2024-06-27 16:00:00,-0.07631806884914547,-0.22478753829103842,-0.11118848671564582,-0.38476037547118325,-0.04102489356879486,-0.1340597132028545,-0.17503159106898505
2024-06-27 17:00:00,0.10540243291601856,-0.28236061471896945,-0.03781065549305556,-0.03012184308209785,0.003647338810823422,-0.23809389700810624,-0.08151454466970937
2024-06-28 09:00:00,0.06362684170269112,-0.5724647526621436,0.18891047486010243,0.01506205569783593,0.005470758795622529,0.3782429654110326,-0.10606834242777978
2024-06-28 10:00:00,0.3830981967723737,0.10008474676638913,0.1422567326874299,0.2406848642973322,0.0820254871822779,0.0401804472741011,0.20387782551831035
2024-06-28 11:00:00,0.16373672615273327,0.036006001389179414,0.0893457902756882,0.06008081049497506,0.045540659487159726,0.14597477228989295,0.0610823816686893
2024-06-28 12:00:00,-0.008180472126871364,0.20645065505204538,-0.0667326842692174,0.09905448806317332,0.15468329411336923,0.018231873010807295,0.08138518018240617
2024-06-28 13:00:00,-0.3376185280442537,-0.3759252577503988,-0.2889707972488606,-0.5807147356019564,-0.4209343290250929,-0.2969853325144634,-0.34022300086122054
2024-06-28 14:00:00,-0.30143120328238154,-0.17377592631178063,-0.14804331619313857,-0.18122239431197004,-0.18734726400949098,-0.1341758148165337,-0.2656478256727854
2024-06-28 15:00:00,0.15630959056637989,0.022741714421960334,0.016219810912558565,0.11481230961328617,0.05486968587594479,-0.10991427793760718,0.18398516954823219
2024-06-28 16:00:00,0.06738452437987198,0.053489524015075514,-0.0822074920011193,0.06037462637923264,-0.02560210682746868,-0.12593921124619173,0.002042379372053854
2024-06-28 17:00:00,-0.01643106351016039,0.21100435179183097,0.1524629545507094,0.18090548102269638,0.1754258179580633,-0.09425244438219856,0.08166098896114415
2024-07-01 09:00:00,0.30299241635189256,1.7338378783204065,0.0,1.4266729196056172,1.0316859888792613,0.34109071964833443,1.0050743991695452
2024-07-01 10:00:00,0.03276003305301155,-0.48366416605971707,-0.04971414469778681,-0.20809496636408714,-0.339389877099882,0.10734326475954871,-0.2224785012478146
2024-07-01 11:00:00,-0.14203771849870866,-0.06853287210087204,-0.07569941207808528,0.05355150741589597,0.07249988989455564,-0.1378595393254747,-0.060761956784075886
2024-07-01 12:00:00,0.002733398023932486,0.10146465749883443,-0.009736940336477408,0.1693908280216842,0.12222450085438835,-0.0635036963394013,0.040512073151709044
2024-07-01 13:00:00,0.16113838169689018,0.12504197115887156,0.19347906139907042,0.1483525721963562,0.1509898255725301,0.10012210848599848,0.1254832280261741
2024-07-01 14:00:00,0.044199378108578755,0.06969237019163088,0.03562849237397525,0.09779227331431317,0.09030405988574275,-0.09767891278590012,0.12128564252092296
2024-07-01 15:00:00,0.14446654841628642,0.04205490855900502,-0.06262822794058846,0.005923731952856274,0.07669438567027045,0.2866607231466574,-0.060624433502739564
2024-07-01 16:00:00,-0.29624478482350997,-0.46093955076930593,-0.33432001407318773,-0.22238045101157794,-0.18145466582172254,-0.3942178426738903,-0.35234833853049946
2024-07-01 17:00:00,0.044793078579654456,-0.08187412970896288,0.04767373917410556,-0.005936920224383832,-0.3330711669290693,-0.21423639071004918,0.0608383543739274
2024-07-02 09:00:00,-0.780185268680281,-0.7598649450091297,-0.4908251790909755,-0.46118680927345307,-1.000427463061906,-0.476635957145011,-0.7631527621008264
2024-07-02 10:00:00,-0.04679598961192604,0.2565859541027618,0.15771758774490172,-0.11040492870931545,-0.02289534547629785,0.3993983618920942,0.04084883943975671
2024-07-02 11:00:00,-0.3281865278415682,-0.36313613599539774,-0.0924249656677738,-0.4128590328354495,-0.3854276589341551,-0.12886204342005825,-0.3272588877253735
2024-07-02 12:00:00,-0.013812956022176321,-0.08665569570186143,0.008702462802458058,-0.10498216267594575,-0.17945478185347288,-0.09214608877576166,-0.061480451153704034
2024-07-02 13:00:00,-0.12716879775527362,-0.14949082481236495,-0.0816153351540821,-0.03601927069903749,-0.0368510760077989,-0.2190338778384082,-0.08203277669269239
2024-07-02 14:00:00,-0.07416427171909122,0.3560074961491513,0.17077194136649076,0.3296920368617949,0.2374511027881911,0.2116585213594838,0.18447920617479746
2024-07-02 15:00:00,0.3228216506861852,0.17686527612935163,0.32009054960670064,0.23909513923096598,0.3615346202564729,-0.1205412200077636,0.32712506937306757
2024-07-02 16:00:00,0.14504065610514097,0.09959829514276367,-0.023835836208983587,-0.0836182874123726,-0.054971736750387135,-0.10466885579735286,0.10404660594068196
2024-07-02 17:00:00,0.01653120268264581,-0.03717176051085218,0.0021671289876018817,-0.005975411184764873,-0.09719064800850306,-0.04559598341418922,-0.04078968893233215
2024-07-03 09:00:00,0.5182426560313343,0.8633223236943398,0.8448429359744116,1.0905525132477274,0.6674249468399769,0.5065480801154743,0.8065788691669853
2024-07-03 10:00:00,0.21081401150797796,0.22222377471026739,0.14708963844984121,0.0738574289829631,0.22300409283680864,0.0698790630314691,0.21830097808862825
2024-07-03 11:00:00,0.27039518729273687,0.4089663584466465,0.17472308698893818,0.09740835530226977,0.12720798400709205,0.09799358926215246,0.34265936938344793
2024-07-03 12:00:00,-0.008183060523749959,0.12419357489291151,0.002141946815542463,0.06488623017466855,0.23581494021682833,0.006121412089250039,0.04023578222346469
2024-07-03 13:00:00,0.11395701946138562,0.06530313948341641,0.005354666325245137,0.053057435917712926,0.06792032754190822,-0.02693701652099727,0.058313143222650195
2024-07-03 14:00:00,-0.010899360763280418,-0.12672699870219145,-0.139314594836713,0.014733182099305828,-0.07697985772086526,-0.0612474907675813,-0.12068550825186011
2024-07-03 15:00:00,-0.04906182979105054,-0.16092634225586128,-0.13950895119831855,-0.24485232599933102,0.01811823968140419,0.14081318868617324,-0.13090720549886378
2024-07-03 16:00:00,0.13458988902361113,0.00392811548708045,-0.06982752884802154,-0.0797801655648049,0.028076785664219058,-0.024475011135934237,0.028209881705572162
2024-07-03 17:00:00,0.08980740997616865,0.019638263255121663,0.19324922272813158,0.050239376906330506,-0.4610938252005288,0.10153216566896738,0.04028603136367248
2024-07-04 09:00:00,0.3633040187913208,0.4857991924288183,0.24317749469910852,0.6566959226244442,0.30067834197720356,0.5097696348646497,0.3337491537404011
2024-07-04 10:00:00,-0.0704939485738564,0.162710664806831,0.11014571358199025,0.07335250607640388,-0.02267830829540644,0.10941984265371103,0.08025521588042343
2024-07-04 11:00:00,-0.027126294768746395,0.006502923066201487,0.06944704408006087,-0.1673222958329641,0.045351474700209594,-0.05104769423897995,0.020053744101224208
2024-07-04 12:00:00,0.02441399639407031,0.061106815311146305,0.02883306211074569,-0.01469075953868553,0.11781766815095068,0.1542788379166478,0.0
2024-07-04 13:00:00,-0.05154765151812424,-0.025998336252929508,0.03202698834905532,0.014690759538688127,0.1285347220663941,0.16131285449810218,-0.036099635384617815
2024-07-04 14:00:00,0.17244468962865137,0.08446989150801384,0.04588746979112265,0.146789017182891,0.10849223988586998,0.06178785156686636,0.11026354100789264
2024-07-04 15:00:00,-0.11384521534702442,-0.1130758703526224,-0.17405701289606978,-0.038144421107430146,-0.07683650925599575,-0.14786985301488126,-0.14035652856583453
2024-07-04 16:00:00,0.033082682602230885,0.019504964075185514,0.010687071859358261,0.0293431537192564,-0.05517790491099442,-0.11408183574015231,0.022069076298088644
2024-07-04 17:00:00,0.06504876175964644,0.31156312931565555,0.06943814142062726,0.0674565957067096,0.17718479761850606,0.26074052913022544,0.16035602466014737
2024-07-05 09:00:00,0.8041839088501288,0.18388547306863953,0.25064407283317797,0.48843359950319737,0.0785478618036942,0.09079628964314651,0.43367542363438105
2024-07-05 10:00:00,0.042995265808767946,-0.03882088094510873,-0.09591713495547587,-0.014589169026804953,-0.24397088066578518,-0.03872966740898913,-0.09975859249930161
2024-07-05 11:00:00,0.06714311672752743,0.0776266971303467,0.04264119630524378,0.06709256107688548,0.04522472241264042,-0.02784621642395872,0.07981483383245652
2024-07-05 12:00:00,-0.1639084736816202,-0.18122278528382332,-0.11944120008011623,-0.3446919445347552,-0.2671219890274296,-0.15996319410929802,-0.1596934226311983
2024-07-05 13:00:00,-0.022054097175835848,-0.03498791656733979,0.010670194954578627,-0.020485206825905638,-0.075285157414231,-0.05944546054210768,-0.02997092842399469
2024-07-05 14:00:00,0.037650400345805156,0.11916791130724656,-0.0565650112469992,0.029263296719181733,0.027218043916502493,0.01577468893765946,0.039959242105296625
2024-07-05 15:00:00,-0.6257572637207707,-0.6754325049416298,-0.3368500781741568,-0.6752319233197518,-0.34531048615228155,-0.49017619173453275,-0.6010717140860147
2024-07-05 16:00:00,-0.06658204317222262,0.016941532206617586,-0.09645165840810804,0.06478496037653728,0.1918854005646074,-0.10491516254345047,-0.028138441316028124
2024-07-05 17:00:00,-0.012455222138737876,-0.07169533700839488,0.06966886137408813,0.02354776527871688,0.051773234394885036,0.04271131487644005,0.04019534993925084
2024-07-08 09:00:00,0.4921527662926285,0.5293322889597398,0.3476180988736633,0.7681407515815735,0.4954832483407925,0.15117345152722209,0.6349482028453532
2024-07-08 10:00:00,0.15616084506335606,0.1555351369242548,-0.050196247015576796,0.3003705854042113,0.0361366330011428,0.07915294588210013,0.06985819071959753
2024-07-08 11:00:00,-0.06997298251980298,-0.09329204973249129,0.12277603459706866,-0.18944919685501707,-0.21248996407801993,0.19092678226777304,-0.04989372739788597
2024-07-08 12:00:00,-0.28038258213981837,-0.45865381938240446,-0.263887632368944,-0.3887643375257058,0.049772180189234995,-0.13008250522856837,-0.38000805744709426
2024-07-08 13:00:00,0.14028955902817364,0.14054816087349464,0.21586278659284294,0.16095052052310285,0.2845826012562452,0.05351235776656123,0.1801838362122647
2024-07-08 14:00:00,0.06737691167362471,-0.006502500213617136,-0.034165038821365096,0.038005028815046776,-0.03158032481796473,0.036469287186527394,0.0
2024-07-08 15:00:00,-0.1267061692093107,-0.1275344385662997,-0.1314306358419397,-0.28685605163565714,-0.17613032774736154,-0.10336420992411724,-0.16014736977642988
2024-07-08 16:00:00,-0.2982576842928954,-0.5248601979993192,-0.28375192368070895,-0.3229645050980863,-0.3604521322987324,-0.21924224077750415,-0.41356385860574707
2024-07-08 17:00:00,-0.024353746403037686,-0.1375452970046187,0.07288864438976941,0.023523530990449605,-0.07079389289941886,-0.07684848419482382,0.0
2024-07-09 09:00:00,-0.31279587264464853,-0.49673545244875716,0.22690065710712898,0.05290772135233532,-0.3829731915106849,0.22793352262106648,-0.4092211369270159
2024-07-09 10:00:00,0.22236453067024708,0.07901182954704908,0.03741054914218289,0.21428369957186447,-0.05014062270302246,-0.04871217291719843,0.12112649103828803
2024-07-09 11:00:00,-0.13824174987485152,-0.2662555779652636,0.07477913796960398,-0.15553015430863373,-0.14144080323802866,-0.13042181721095392,-0.1615346136206325
2024-07-09 12:00:00,-0.2036444909281114,-0.1690840803352511,-0.1549617447789982,0.05284869249092425,-0.06851098499024455,-0.21978567542382493,-0.16179597017283467
2024-07-09 13:00:00,-0.05437531059932639,0.010576134961345638,-0.1305678817313114,-0.05872249387002641,-0.034730156177805005,-0.07581594209842522,0.006072075538492885
2024-07-09 14:00:00,-0.4442646834569455,-0.40135427976894605,-0.04070352891518925,-0.35306096077207166,-0.2837764282946749,-0.27194234925261596,-0.3040563427377385
2024-07-09 15:00:00,-0.10932427759598883,-0.15939856993996565,-0.11791948538468994,-0.2065293489362752,-0.09171283521898793,-0.11659805068061414,-0.20321905872010232
2024-07-09 16:00:00,-0.31497469269541295,-0.4383254751348943,-0.08584704730508902,-0.19215993614758145,-0.12394590201197432,0.03683512639261422,-0.3607132575595599
2024-07-09 17:00:00,0.2027931328800246,0.2200690437560686,0.06975633858193693,0.15671203680289691,0.21474202511063675,0.0674958454320852,0.24469333797195286
2024-07-10 09:00:00,0.11546302772567042,0.15309555485365672,-0.06975633858192451,0.345082188776431,0.2773799913697489,0.11892721708239115,-0.04889079117127418
2024-07-10 10:00:00,0.14482420056655704,0.28161548898713595,0.18233696623504822,0.12652642558933633,0.1461614613258835,0.055124429479946925,0.2442152749274324
2024-07-10 11:00:00,0.32168744481724565,0.43018789414537406,0.3134849114907111,0.4313386969335161,0.38266050083054365,0.22996952031154808,0.4461848520120317
2024-07-10 12:00:00,-0.08713505940071119,-0.07531464036513943,-0.16892437703449667,-0.005856086671751563,0.03636760413941282,0.08549201170448711,-0.10123097722278736
2024-07-10 13:00:00,0.009261705849407713,-0.10977022097435156,0.06952875828975688,-0.0585797360160856,-0.023637438175416386,-0.03174564439792688,-0.026336848441857984
2024-07-10 14:00:00,-0.008172048873402317,-0.01323346480506515,0.02672896312883667,0.09371111308823826,0.04999568323247166,-0.04885914007394332,0.0202597298044992
2024-07-10 15:00:00,0.13611370316207796,0.06614981851565567,0.11752263663137488,0.13163285116041826,0.16344769227594064,-0.09778995498637619,0.16193024346395457
2024-07-10 16:00:00,0.03046408797217757,0.10971218178570116,0.11525164548881017,0.07305456039236218,0.151404600977927,0.0709072489579315,0.10915486923987001
2024-07-10 17:00:00,0.20104768883743465,0.14125881090777553,0.3268898886507236,0.21884400785776906,0.31115477906478234,0.24412286615556741,0.26229258626498186
2024-07-11 09:00:00,0.1800561263515948,0.38579329590696976,0.1200524975398417,-0.02040518881879924,0.1416884625591634,0.08652048089432196,0.2756735117401844
2024-07-11 10:00:00,0.021671642199320704,0.15101478218450226,0.060502812041936194,0.04954823767937222,0.10816171228894185,0.1886230472418592,0.12049404008315107
2024-07-11 11:00:00,-0.07045001591996813,-0.06300453053464675,-0.07961657082078985,0.0728204861634033,0.12604097999914743,-0.04012865543815856,-0.040148550172937406
2024-07-11 12:00:00,-0.01084287055216593,-0.1734674198042533,0.005309743912301937,-0.08739094894706609,-0.15307044227741623,-0.04257829909279276,-0.10044195300035502
2024-07-11 13:00:00,0.06233045640699769,-0.06973455103158353,-0.08498975322750135,-0.0437241305864129,0.10627376398749601,-0.140027906693726,-0.020100502580241
2024-07-11 14:00:00,-0.05690887417111475,0.08551675662757918,0.0,-0.16048557615668654,-0.05852666056375553,-0.148766001487861,0.04019696567037662
2024-07-11 15:00:00,0.3463712987591636,0.2626707227291046,-0.07974354898581952,0.24791472768878237,0.4179386906015319,0.21941327963392282,0.14056227213926364
2024-07-11 16:00:00,0.22989012099748313,0.16774789334289647,-0.2737378620556244,0.1106339729993817,0.352762475228235,0.1046610780702349,-0.022075276783184532
2024-07-11 17:00:00,-0.15644052517862464,-0.1310289892519116,-0.3472429753505767,-0.2563917203202494,-0.1439988084953391,0.012162786752696492,-0.26125941828516475
2024-07-12 09:00:00,0.15320630279320702,0.5908900125952042,0.23518857989820527,0.5672577463765768,0.19046347384747425,0.3375346202580161,0.45375225924362395
2024-07-12 10:00:00,0.28797444819360646,0.23434154271384586,0.21013228994910824,-0.0435211519664627,0.14729318017613066,-0.0060607162573028985,0.24009615375382679
2024-07-12 11:00:00,-0.16676263863724286,-0.2604134230351713,-0.12261240560966845,-0.07838583650014924,0.0267572848303961,-0.09944819205401534,-0.20004007470831808
2024-07-12 12:00:00,0.2366126788201464,0.1602345237804544,0.21101326129281123,0.17990574311924767,0.0802289241547122,0.07520165312863068,0.24000011520009737
2024-07-12 13:00:00,-0.013428911392047115,0.05465547666800748,0.17231663715187073,-0.028995172506951175,0.01247427183056585,-0.09097691633520592,0.09583899783173132
2024-07-12 14:00:00,-0.02417658590032287,0.0,-0.09569480469556546,0.028995172506941103,-0.08913609888851051,0.015775263206577034,-0.07985945161684523
2024-07-12 15:00:00,0.2307821314865716,0.16638506373270723,0.1753705816327634,0.043477001351499914,0.05794750118691107,-0.036408209239661246,0.2393872831676312
2024-07-12 16:00:00,0.5661073292862189,0.3591226755305663,0.3815625356599436,0.24601326407373206,0.18342747293852013,0.16494448992656632,0.5167148505251641
2024-07-12 17:00:00,-0.1013322611268249,-0.09322199160253104,-0.09525423013951963,-0.014454626951241252,0.04802732313313467,-0.024239486241576062,-0.1190051312648494
2024-07-15 09:00:00,-0.09555968535849893,-0.5142801688252221,0.33827028312988716,-0.49270463549154625,-0.5805389172773918,-0.2901174035539781,-0.2762405246401428
2024-07-15 10:00:00,-0.045409500981969664,0.17562008143268568,0.0,0.18287378100865598,0.08045987721406227,0.2003801820535968,0.0397938682901025
2024-07-15 11:00:00,0.026713968358552352,0.012996633890122197,-0.0105536441831353,0.0376942709171979,0.08932400193741791,-0.10317600920137393,0.039778039069421955
2024-07-15 12:00:00,-0.0801633236955787,-0.11312733231266857,0.013719520260445405,0.0724490714739364,0.0044641063536025255,-0.034010713702572776,-0.07957190735953684
2024-07-15 13:00:00,-0.2301583219963663,-0.19925903095390518,-0.13516654996725982,-0.0057939945263013725,-0.007142665824502375,-0.08142976525402729,-0.18524979153636392
2024-07-15 14:00:00,-0.20652242475492724,-0.2610694882981572,-0.1903876019326056,-0.21171087632727031,-0.16978843083760192,-0.28613716351509516,-0.21955658407616258
2024-07-15 15:00:00,-0.05102575299841149,-0.13733481110351137,-0.3871800660552493,-0.1743451603193884,-0.09843048918265006,-0.2808441818576045,-0.20001606796280655
2024-07-15 16:00:00,-0.06556601980446317,-0.20570073221473248,-0.17764922682177955,-0.10184189200424282,-0.21060846723129079,0.06967406267715671,-0.19038654207154196
2024-07-15 17:00:00,0.013439162276602794,0.19261138430734986,-0.19716620032242832,0.09602514850644837,-0.05025306110997669,0.009774932194194733,0.0
2024-07-16 09:00:00,-0.6509130069375734,-0.9099698542397323,-0.5273275278466448,-1.0055477077413857,-0.9460450146236522,-0.3954243716617721,-0.9067889483214684
2024-07-16 10:00:00,0.19458518968816427,0.3165352611929615,0.1553851989462436,0.5800089493279149,0.2759895518559842,0.06989448669918198,0.32335672159563056
2024-07-16 11:00:00,-0.10697499534391558,-0.26106921291535273,0.10702170351213633,0.08758741053061135,0.03162226776077833,0.09801520020172096,-0.12113627291392584
2024-07-16 12:00:00,0.02702468992104436,-0.0528241101516393,0.029945563467735654,-0.08758741053060423,-0.18988377588091085,-0.12498623102638001,0.0
2024-07-16 13:00:00,-0.13736117326835598,-0.02245869920727977,-0.0352939292758372,-0.029212859708498455,-0.027155711012875054,-0.16443537346890838,-0.03636951466583478
2024-07-16 14:00:00,0.045988330595535684,0.03566734296294601,0.10157006801688176,0.21014236117003937,0.2170394868937789,-0.0085973434261727,0.08080318804191763
2024-07-16 15:00:00,-0.02163893285227656,-0.055488031862834866,-0.3103797684044259,-0.06416332702812957,-0.19893486020699105,-0.17825426229712188,-0.16167172043967348
2024-07-16 16:00:00,0.2280551995476187,0.22440476178756555,0.08036303090374408,0.3407604870095943,0.40558845520823383,0.49341599743285847,0.13137817576231564
2024-07-16 17:00:00,0.08093714863218426,-0.09234098220985185,0.013923027102785127,-0.02035475435931041,-0.045986340162536804,0.0036730720967082233,-0.014140128698723789
2024-07-17 09:00:00,-0.25760752612527144,-0.12017089481235665,-1.033411782408574,-0.16007454158814075,-0.475528406160888,-0.24025802508290428,-0.750267125494869
2024-07-17 10:00:00,0.008110979837843603,-0.08195746602130646,0.012983781111682876,0.020387359907525864,0.1946432985049581,0.018407505405483308,-0.04071578403594407
2024-07-17 11:00:00,-0.1813021232709932,-0.0634971050781244,-0.2979691558453471,0.10187449943833933,0.23036593184827422,0.08217884786565514,-0.1834264566786517
2024-07-17 12:00:00,-0.07586554821788591,0.05952971700753674,0.14096880418159147,0.008727272732813962,-0.013536256884677926,0.024517916590286567,0.0203973402575642
2024-07-17 13:00:00,-0.27413711529824,-0.36434739388088677,-0.14856507333191063,-0.4665207533967421,-0.16167422108719867,-0.052720954121721626,-0.3125353635312001
2024-07-17 14:00:00,0.125490638624873,0.05971139669868311,-0.10097665908667637,0.1460216663531084,0.19415815986992113,0.22050725583139755,0.08180294128711968
2024-07-17 15:00:00,0.36308892746391586,0.5331652539234,0.01086259899611955,0.48617271889272606,0.37820165384468457,0.36643500144918023,0.22461365700900188
2024-07-17 16:00:00,-0.13857690257264524,0.11472806095465461,-0.3917988556428968,-0.07844276985614945,-0.09531603379692252,-0.10246652437186057,-0.0959095666781589
2024-07-17 17:00:00,-0.11381991667905815,-0.14508047915367284,-0.05235602213837249,-0.08141310328284916,-0.009896491701772097,-0.012205392357488434,-0.1225715664887237
2024-07-18 09:00:00,-0.18727156313524382,-0.10696671186111259,0.09596511096346819,0.1250000162760564,0.2551961631900698,0.6302874184431233,-0.27428682198073434
2024-07-18 10:00:00,0.3714865615638015,0.5442064807662139,0.42962166982098576,0.5273463868917824,0.30466246381036677,0.10304717441228632,0.5315138133942479
2024-07-18 11:00:00,-0.005413247300110064,0.0814417867629955,-0.04885118398431436,-0.06359760277956365,-0.040269718163982345,-0.08121655567009937,0.0
2024-07-18 12:00:00,0.059529609620235166,0.017068095176366607,0.07598042241594284,0.049147153345443756,0.11182031195606683,-0.04851895973496076,0.040768902046623
2024-07-18 13:00:00,0.030833227644732016,-0.056467129096404854,0.08676413715097253,0.08667139086766805,-0.057236378857590454,-0.013346841975012916,-0.018343949096014927
2024-07-18 14:00:00,0.05407042263405995,0.4521543977184509,0.2360509146694811,0.22499468639126516,0.2323192752891584,0.15762164376905782,0.264641971930958
2024-07-18 15:00:00,-0.005405726828320282,-0.0457776652229922,-0.1656104420814807,0.10655148596277879,-0.008925383797423863,-0.16732955693940088,-0.1220554283102704
2024-07-18 16:00:00,-0.5235755940384144,-0.4681331121181733,-0.5398636843160218,-0.481824359728366,-0.4499777236606214,-0.20530021727640954,-0.5490538046326157
2024-07-18 17:00:00,-0.3445810874341923,-0.2698097833785024,-0.27594348129051055,-0.07232959463577901,-0.18487113648251124,-0.28617897789647423,-0.3690873389615319
2024-07-22 08:00:00,-0.47882811618491106,-0.17279704608913926,-0.6409821817777073,-0.6853817469536463,0.1355457719320814,-0.05367359266173297,-0.3539608165369475
2024-07-22 09:00:00,0.06901387124040173,-0.12021058111685166,0.30730757112537116,0.16014911846725857,-0.41349488562887765,-0.1306447564684536,0.08036846279704965
2024-07-22 10:00:00,0.4959346880643257,0.687604795668786,0.2790500981834713,0.42098601791923324,0.44488656888448497,0.16236445222532833,0.5955943752851426
2024-07-22 11:00:00,0.2666116886035085,0.14560721426077786,0.12231749463673003,0.028968294404564932,0.1702402590229658,0.2108021617133764,0.22499037942009648
2024-07-22 12:00:00,0.12218600399827845,0.1087390958651538,0.2648719427399462,0.04343671339253559,-0.05372877842555585,-0.0036517452303101963,0.14291258225434475
2024-07-22 13:00:00,0.002170845544431616,-0.015714005139396168,-0.02939559413875886,-0.1448624784337691,0.007165505260742798,0.08760510129922,-0.04897559480802695
2024-07-22 14:00:00,0.07866135068404358,-0.003928887143209501,0.10882933371407665,0.1824923743824698,0.1745005923908826,0.11304312035875341,0.08161267081573291
2024-07-22 15:00:00,-0.1845449592070931,-0.16384099295794097,-0.23194918408997411,-0.12452219841374902,-0.36725229381964103,-0.3773084161189386,-0.12244399717617305
2024-07-22 16:00:00,0.13030237419439528,0.10750997469350561,0.09262640078597212,0.46255557241663137,0.1837947396242268,0.14378848514046977,0.12040449196007352
2024-07-22 17:00:00,-0.09499537951203842,-0.022279157939982298,0.010891585172076789,-0.057702573693203384,0.00806130172546001,-0.079179943594597,-0.020397340257564085
2024-07-22 18:00:00,0.12429002965045818,0.12051034965562966,0.14474538770636863,0.15860202874788448,0.08057729588834726,0.04264314454244732,0.16306234631625194
2024-07-22 19:00:00,0.11655107746757892,0.14128361105798753,0.06196965859516254,0.1007977506649449,0.04920973736308115,0.06697393746565422,0.12212250403402507
2024-07-23 08:00:00,0.35099995203462075,-0.3785129893281112,-0.15445194395015946,-0.07774930561267882,-0.11456190280084028,-0.4550869528729027,0.010170146560581017
2024-07-23 09:00:00,-0.21564603507256536,-0.4748353248990857,-0.38171315378943904,-0.43304483280082107,-0.4640629471250133,-0.24732182793544788,-0.3443255951267464
2024-07-23 10:00:00,0.20808737446360503,0.37111653790715476,0.23683374325905096,0.2889048190878817,0.363713507649447,0.3463238710636,0.30567353438898853
2024-07-23 11:00:00,0.3476464625590323,0.25713025475479717,0.24279916767985776,0.19310032803696414,0.27303710122450636,0.17698147535131128,0.3655791385992544
2024-07-23 12:00:00,0.22841060403761057,0.3113433437381347,0.10868739318107914,0.28751762881110304,0.2767512970349989,0.25819666509442574,0.2429790411217801
2024-07-23 13:00:00,-0.04993704277811405,-0.248473325425866,-0.20116464764876962,-0.2875176288111053,-0.18292715232904555,-0.3228501308813991,-0.1923096980297772
2024-07-23 14:00:00,-0.26890700195532524,-0.37518573704004643,-0.25393586782842253,-0.3750130601154653,-0.17878857655330074,-0.1893211267615058,-0.28407957094150327
2024-07-23 15:00:00,-0.25343362014202087,-0.30011079230019155,-0.10590619012492111,-0.1503998895198919,-0.008947825237047725,-0.34904476874464463,-0.20340920727272543
2024-07-23 16:00:00,-0.00539918904312188,0.03558648541933476,-0.16399360820555767,0.034727749267402186,0.19934660270454507,0.10790529905533928,-0.0590661456145952
2024-07-23 17:00:00,0.11709697992103006,-0.4411111513486533,-0.06567282038096185,0.023145134562081063,0.08391059551118146,-0.034320876009524215,-0.14271736234194693
2024-07-23 18:00:00,-0.05934077964496937,0.0582218533641783,0.0788022105396461,-0.043401522627999775,0.03568529179370917,-0.03923828726173802,-0.040813828291383636
2024-07-23 19:00:00,0.11056131211041277,0.05951003580921728,0.10934459943088923,0.1301480979637648,-0.008920129169390504,0.13481715935512714,0.1223915457843112
2024-07-24 08:00:00,-0.7357747973703723,-0.6738677239083096,-0.6050792346154934,-0.2662616434499068,-0.08745939942777664,-0.572384690929582,-0.6052569341133763
2024-07-24 09:00:00,-0.20709962041345573,-0.46693522408345634,-0.11551219937972791,-0.7943015284548436,-0.10630363639361927,0.21656482642476207,-0.4069223420947921
2024-07-24 10:00:00,0.17668665556669633,0.215061027956254,0.1616797444161947,0.3557425495690297,0.1429031003075852,-0.00983368776375136,0.24681721326792933
2024-07-24 11:00:00,0.021724490103027457,0.3104206490862157,-0.046167545036448265,0.3051618271427076,0.04907581419350013,0.17563148931613876,0.1231805366292185
2024-07-24 12:00:00,0.09227646682272445,0.14754460583226173,0.0461675450364497,0.15947579348346866,-0.01784296412053169,0.07605216072564012,0.10253466569716141
2024-07-24 13:00:00,-0.018991136622338235,-0.06377635973449222,-0.06046182020359409,-0.03477303386289317,-0.0008922317839820374,0.09314639363534992,-0.08201932014679748
2024-07-24 14:00:00,-0.22001730985524937,-0.20622267375148642,-0.2003346918698011,-0.2321297486407644,-0.29934657619853833,-0.18760696337420057,-0.20534309767788794
2024-07-24 15:00:00,0.010876422102902225,0.15836369728595415,-0.22944645103030376,0.07259844667798124,0.23687056049306762,0.036813429954854475,0.020553294765498394
2024-07-24 16:00:00,0.07555847035580424,0.02924987390227572,-0.0917051137384266,0.13054453421921436,0.11867107647902247,0.11893742474114262,-0.016442297848142204
2024-07-24 17:00:00,-0.17022298965811586,-0.2515624142947659,-0.23129329766904405,-0.05219736521823701,-0.15260298083086854,-0.20240066280464047,-0.20575715577869166
2024-07-24 18:00:00,0.008164265016587846,-0.10533825885870969,-0.10863782551264028,-0.005801389434396195,0.06249721198021168,-0.015964142114760698,-0.06180979263869044
2024-07-24 19:00:00,0.0054424730610996815,-0.04136559909000111,-0.09432235639625706,-0.06674018006421514,-0.035707909681321676,-0.042993054213154136,-0.06184802077329267
2024-07-25 08:00:00,-0.7478436802776058,-0.8161232087749403,-0.8977271555988147,-1.3207105146551732,-0.6754905951323247,-0.41367651916205966,-0.8595121622897858
2024-07-25 09:00:00,-0.3790567684531699,-0.43151758640854576,0.1287412088055658,-0.7173038991409941,-0.5860043274835913,-0.10492208955134963,-0.27077144701616074
2024-07-25 10:00:00,0.09077481044849947,-0.01081183356235307,0.1095792490537163,0.06811384158863058,0.10392803693600662,-0.02840961746412884,0.08339240778488595
2024-07-25 11:00:00,-0.12931024425632157,-0.25983531325431886,-0.34479704587376236,-0.5134761370842165,-0.3664880559485828,-0.06796878640795817,-0.35489901762765885
2024-07-25 12:00:00,-0.11018313549982549,-0.18581693567533455,0.14007723346299059,0.008926711702897286,0.14494594243149947,0.14206390322514154,-0.041835753444561655
2024-07-25 13:00:00,0.11018313549982495,-0.17256259674697252,0.13093474718439907,-0.15782267584132295,0.1772729381431801,-0.020988043065494868,-0.01673920325301941
2024-07-25 14:00:00,0.2815168569877399,0.3759938732511419,0.3694963542566693,0.44602443815038323,0.2752349128877912,0.4041704001035319,0.33425283898760266
2024-07-25 15:00:00,0.03842712343417353,0.1475675321433411,-0.1371459369454703,-0.04451302821436694,0.0720675303922208,0.3155448217450461,-0.04172055632296126
2024-07-25 16:00:00,0.4075154897446181,0.34437853513356076,0.3063676688763384,0.23717418212318783,0.3209698373927894,0.19961675325944317,0.354071142403769
2024-07-25 17:00:00,0.12837357923128945,0.2827180493498745,0.19780421615953683,0.19820146116869852,0.08434200282841642,0.40657162757691667,0.1869431198944699
2024-07-25 18:00:00,0.13366105007101875,0.316770284478297,0.2217861339164169,0.09747741068414681,0.035868649391888725,0.0730807209052121,0.2694134636856502
2024-07-25 19:00:00,0.03815608063430957,-0.018763486310794882,-0.06094216777070145,-0.10338818750970505,-0.1255966002831232,0.06694377581627294,0.0
2024-07-26 08:00:00,-0.4785482271683447,-0.14218075443900247,-0.5757938609658555,-0.41462498871966114,-0.3029774095826962,-0.22291392940842364,-0.3213070622181627
2024-07-26 09:00:00,0.2816156197375191,0.2841596421902845,0.536993135459801,0.1838317568093125,0.0,0.594548698092223,0.4660757678320677
2024-07-26 10:00:00,0.16640890772144282,0.3807390928872277,0.20713228976180156,0.34008608853886757,0.22934036502751076,0.15988762823765446,0.2889101848623481
2024-07-26 11:00:00,-0.05180259510516781,-0.16414119825168125,-0.0719492180271961,-0.14772142430708152,-0.26986684963951907,-0.2933228773627102,-0.08246062972414202
2024-07-26 12:00:00,0.1280943821805308,0.09478104287868735,0.12725956579065212,0.06797895869751555,0.2294332208893446,0.0485425120572968,0.10306516691610101
2024-07-26 13:00:00,0.17144400839081,0.022680728815691713,0.27940228335388306,0.044309219996489894,0.0916261000844618,0.18424694295550315,0.1543988531242584
2024-07-26 14:00:00,-0.04623372043508443,0.024009283704987543,-0.04743231332482029,-0.201025890647265,0.022444573220880015,0.18149044897515526,-0.10290607642290325
2024-07-26 15:00:00,-0.005440666809467994,0.07199328373667055,-0.18221680000228585,-0.035517144794954464,-0.00897722478676288,0.05921557663500659,-0.10301208212421858
2024-07-26 16:00:00,0.2266249893193592,0.20768992448029938,0.21531148419495746,0.15381660406273986,0.1731182794035659,0.02899075939856251,0.3066634767571966
2024-07-26 17:00:00,0.1394151841157286,0.15282902738764967,0.19613682970624838,0.13291982462081367,0.18265990053982087,0.3315872790804706,0.08832561914305026
2024-07-26 18:00:00,0.09482140423012893,0.07300966042957736,0.1539951025903144,0.13274338232390331,0.013417715877626581,0.21043905336334462,0.08209338583158862
2024-07-26 19:00:00,-0.10837466177632436,-0.11684105636431534,-0.16280198958163317,-0.07372456836436404,0.01788748775003667,-0.13222427159620992,-0.12316536505153468
2024-07-29 08:00:00,0.35286959346540125,0.2202907134634721,0.2452019195346606,0.22984112780490112,0.2117234807800642,0.056517218211821096,0.3567624550052375
2024-07-29 09:00:00,-0.40059167830772524,-0.6329808368383069,-0.15936783813658303,-0.2741019724342232,0.022307586010179785,0.21015601305138537,-0.5726675406745536
2024-07-29 10:00:00,0.02061005778110203,-0.032021347838648344,0.0,-0.271895901401307,-0.017845670687658195,0.16780739653183604,-0.08237232755710676
2024-07-29 11:00:00,0.2897179309371222,0.28117043982252155,0.1780357200999746,0.36039800910291103,0.2495500484027361,0.12327875122789614,0.3085469896154223
2024-07-29 12:00:00,-0.0676159978159625,-0.2678269654288612,-0.09337427832759888,-0.10916387465135563,-0.17818646577694755,-0.14364034932435443,-0.1438701306632191
2024-07-29 13:00:00,-0.12074059297772306,-0.07875224817539062,0.003297047494268756,-0.11519377455287196,-0.18118453196278433,0.1005699045543845,-0.10906809604988511
2024-07-29 14:00:00,-0.0921424261791859,-0.1149026126471258,-0.03627350260435742,-0.06503969128477412,-0.1609312902648412,-0.13171919376383112,-0.16485671506272945
2024-07-29 15:00:00,-0.18997275534309543,-0.15921120249517384,-0.1815651409639514,-0.3406704127162608,-0.27328174418070983,-0.2039079043105815,-0.2271226612280648
2024-07-29 16:00:00,-0.44267736476750225,-0.32187142213720926,-0.3862329479427479,-0.3209941678189136,-0.3541353908238632,-0.3210970558971215,-0.4765663157441793
2024-07-29 17:00:00,0.1880914187883324,0.1530181101513076,0.17123008110926133,0.31802672071344024,0.22934242767453233,-0.060245320760887615,0.2551418665272709
2024-07-29 18:00:00,0.059896870273544595,0.10724149128281328,0.11913561909035436,0.07415977320685599,0.008983111755950469,-0.08199192597758471,0.09318217788702131
2024-07-29 19:00:00,-0.043557801890876165,-0.03484087137422533,-0.15225405090413477,-0.05932341817534537,-0.06289873511350107,-0.11103736582278748,-0.09318217788703408
2024-07-30 08:00:00,-0.10788721929190233,-0.17170149628002215,0.26464084957330936,-0.08014247980152805,-0.05754205673817834,-0.1413888973372236,0.05177859588576878
2024-07-30 09:00:00,0.16124291246667838,0.328389912639199,0.019819859564090655,0.19875414433687455,0.3994135285172713,-0.24215432212706112,0.19858103871820743
2024-07-30 10:00:00,0.03537328374422438,-0.12050775385836997,-0.008808341505089938,-0.13641555473236938,-0.2646014361279724,0.06665091528193076,-0.08269418097505617
2024-07-30 11:00:00,-0.010882754653597263,0.13388854441545434,0.09574907871422805,0.2075150822494537,0.13911516040663946,0.16340960732139462,0.08269418097504908
2024-07-30 12:00:00,0.11692759164308082,-0.022748409382124687,0.04729042457053148,0.2661739094607115,0.10308955809065112,0.11241592654759329,0.10327165491523478
2024-07-30 13:00:00,0.011956976638354109,-0.018737870629668734,-0.016494119883667203,-0.014768867254723182,-0.03494889879332917,0.01449608004376005,-0.04955708457987616
2024-07-30 14:00:00,0.1846080861361653,0.2072595028253907,0.18128586046350287,0.11808990965652671,0.21040481575776626,-0.042286108435511664,0.24754019695143326
2024-07-30 15:00:00,0.11385262196282636,0.038729926029177464,0.08229414585013906,0.36225521149064216,0.2857986887347858,0.15455953617805435,0.07208395002631987
2024-07-30 16:00:00,-0.1952553583335834,-0.12559290848548862,-0.15916316483329193,-0.347503773198653,-0.1249364325393558,-0.0036197566320827677,-0.19784030853314769
2024-07-30 17:00:00,-0.019003510277003657,-0.09898209767360998,-0.4238390694747099,-0.059018813959528724,0.008036324189637959,-0.344475740864866,-0.2271742576722121
2024-07-30 18:00:00,-0.14943908792048863,-0.1848503640681757,-0.23968510019478323,-0.2364241958308434,-0.15190645485286755,-0.015741262118472887,-0.2691457288172743
2024-07-30 19:00:00,0.20643878817961483,0.20626020197044648,0.366474641057692,0.16260166184187566,0.0670460005359008,0.12102290019902096,0.289819272956562
2024-07-31 08:00:00,0.3613270633028622,1.2326710032595418,2.931519566912455,0.5831864900678229,0.32654109883540394,1.0395829448104488,1.6889800527350685
2024-07-31 09:00:00,0.2538264326833393,-0.10975135150362357,-1.2348693558065427,-0.27349740610115425,-0.28097548132533445,0.28925244875739314,-0.5237267812007441
2024-07-31 10:00:00,-0.167345082940864,0.12693041687258214,-0.1734756268161335,-0.035344535955480635,-0.6353210285137185,0.1228581977489523,-0.08176113939924498
2024-07-31 11:00:00,-0.13245500494390416,-0.08592485409189973,-0.12269873574362164,-0.08841603263833474,-0.16554060873854906,0.03933042974501896,-0.12276718747752605
2024-07-31 12:00:00,0.10813968374029645,0.2377651209277731,0.2008000110288012,0.16203639051910806,-0.027016318020302185,0.005957806813911791,0.16365611328180385
2024-07-31 13:00:00,-0.07298145784081507,-0.31582242424083534,-0.11066148482642855,-0.3686449851408462,-0.4567784355750416,-0.2099287490590329,-0.24353568372175904
2024-07-31 14:00:00,0.05947039090536143,-0.07811828033919259,0.010854581186645777,-0.06797895869751432,0.37027713716722155,-0.06808287262145124,0.04097185291061423
2024-07-31 15:00:00,-0.33349064273154805,-0.38619053591766217,-0.37516559426043095,-0.414784684751247,-0.5468668294700536,-0.2967609783595156,-0.49277366469196204
2024-07-31 16:00:00,0.2329109491858339,0.05317310629629695,0.19265207236353948,0.02968460133115949,0.22091453076797818,0.04792428055542581,0.18507480246253513
2024-07-31 17:00:00,0.12976131149523268,-0.003987002372801222,0.09781652574861739,0.17199713624382013,-0.037086788030869774,0.2022269579150666,0.06161556193210647
2024-07-31 18:00:00,0.1161016965161176,0.10759330771552039,0.22786715444612968,0.2426646944908194,0.08139198828724294,0.13976409621701236,0.14362217532695984
2024-07-31 19:00:00,-0.06478432445986676,-0.06241658624559071,-0.018427085700142457,-0.09462836895560797,-0.004520039596320292,0.06324771236227249,-0.030758820334166243
2024-08-01 08:00:00,-0.605599567140194,-0.7052187200930218,-0.127999323242474,-0.5785851229442686,-0.18821491005780602,0.08347345432757246,-0.4563402097839194
2024-08-01 09:00:00,-0.4689001982600147,-0.41827602810279724,-0.32398375806068375,-0.770693701646283,-0.8568596228103184,-0.2601899182265608,-0.5391850935657756
2024-08-01 10:00:00,-0.21585474531582097,-0.16268801781226186,-0.12748918886066501,-0.48095080309044325,-0.10053834556455318,-0.3891591301561713,-0.24888016828715157
2024-08-01 11:00:00,0.3004301138266475,0.38276916088569224,0.1993345285355857,0.249781946955315,0.23747339585531002,0.2755614807710844,0.3110035473118699
2024-08-01 12:00:00,0.1961575555688962,0.12190957428152144,0.1815602718783734,0.6441390837951626,0.4414777078978375,0.20915883970467875,0.2481083024391598
2024-08-01 13:00:00,-0.40089832981425355,-0.3755822579773104,-0.09454415753064097,-0.4039744556668028,-0.19910636035429147,-0.18762516334442025,-0.33094805368688135
2024-08-01 14:00:00,-0.0196771849142405,-0.11295030043491512,0.0456531671661171,0.11986636337279,0.0,0.1828492720427977,-0.04144562393544644
2024-08-01 15:00:00,0.10107771550763481,0.0753143738108377,-0.07066254581341587,-0.2398765786435361,0.018199687015625948,-0.0035820681671552253,0.08287407758954778
2024-08-01 16:00:00,-1.2335490692663333,-0.9971169165010205,-1.3356302946520389,-1.3844817064630854,-1.3530369884705067,-1.1347860932275233,-1.3259033469751467
2024-08-01 17:00:00,-0.04423922432313082,-0.12092310628996045,-0.19305770697594168,-0.021309628988671815,0.008300324178534924,-0.13293213960092634,-0.10498688628368148
2024-08-01 18:00:00,-0.10237822728444859,-0.06119659937903831,-0.099432140238036,-0.16759099540827876,-0.14766416474974553,-0.07258298973452228,-0.12612993053264507
2024-08-01 19:00:00,-0.09971195153651642,0.010882132908771863,-0.030954618565683826,-0.07016687801229798,-0.09240095275996957,0.07258298973452547,-0.08417508914523092
2024-08-02 08:00:00,-0.7621945714197107,-0.44577508366700536,-1.0526120475597838,-1.9009167849334443,-0.527392673856984,-0.5079753177694163,-1.0071601364034082
2024-08-02 09:00:00,-0.25834750345983276,0.15972590613654036,-0.16774962275904895,0.7128387098675246,0.36641120746713346,0.2864322956466227,0.1466260343233132
2024-08-02 10:00:00,0.2711915350514752,0.2016816567412579,-0.058218949672818036,0.3452903712701952,0.3512343013748414,0.14169883501363403,0.21212064886827292
2024-08-02 11:00:00,-0.4757702444691959,-0.5624511421534747,-0.5333825086133032,-0.8034033170750875,-0.71299899256673,-0.33337203034131807,-0.7017124991496081
2024-08-02 12:00:00,-0.16284087871340058,0.07116366574223763,0.07540757021610715,0.21693663113825853,0.2320509696779965,0.13590750675225557,0.0
2024-08-02 13:00:00,0.06067518178020098,0.10665063360498171,0.10907149761493368,0.0,-0.08254843232549254,0.16962504824389604,0.11516316052067185
2024-08-02 14:00:00,-0.3065614946832893,-0.21889330855147326,-0.2971335571974302,-0.4498921643504785,-0.06497364155211302,-0.4428409675699509,-0.2560984817346889
2024-08-02 15:00:00,-0.05353364435561062,-0.078096638278402,-0.2663688524019912,-0.04665629944666531,-0.376749888648686,-0.23129841707550655,-0.21391755221496703
2024-08-02 16:00:00,-0.46214249323381285,-0.5607953779453962,-0.8558119971814824,-0.6241730492925727,-0.6057678472442316,-0.41401858102603184,-0.6897838745259763
2024-08-02 17:00:00,0.17652155373758038,0.10470051102486756,0.468539403541962,0.5619307692157456,0.1536587953419085,0.18340552423028458,0.22400285062240013
2024-08-02 18:00:00,0.014130880236036666,0.03441701060287685,-0.06809747281053535,-0.10278453530580603,0.10760788728026731,0.13428392075966575,-0.02151694467687894
2024-08-02 19:00:00,-0.07915866069798194,-0.11431012338312778,-0.09314160467997491,-0.11536903777220185,-0.1029268748700436,-0.14650049622443398,-0.08611410650566241
2024-08-05 08:00:00,-2.693918084510098,-2.3338249589695597,-3.028454480668561,-4.042883675982923,-2.4382784823113215,-1.9168260859050859,-3.0306012197051335
2024-08-05 09:00:00,0.28027233178543254,0.1423648303373502,0.24568024805252936,0.7444002333029884,-0.20838242340379784,-0.49313766063810965,0.5865898417535159
2024-08-05 10:00:00,-0.014487588508286506,0.12387563345927183,-0.22576937840881367,0.19328346196100835,0.14408947566062058,0.0663092663342544,0.0441316011487439
2024-08-05 11:00:00,-0.07536931318494035,-0.10556616107302383,-0.09607724411553788,0.08042464644531262,-0.05761087852699478,0.24982837302315206,-0.13245327440326127
2024-08-05 12:00:00,-0.24388981306890037,-0.11977652544129386,-0.158377311245133,-0.10617419999377004,-0.12974595643252632,-0.45640768214473443,-0.0883997493974161
2024-08-05 13:00:00,-0.6913417634607738,-0.38708267470770163,-0.7755540211145124,-0.7009978311493115,-0.642555443341023,-0.47738784130700257,-0.6254456158570185
2024-08-05 14:00:00,0.015805417778854844,-0.04955296251132565,-0.3401666183650127,-0.15572537090258015,-0.004839638576732609,-0.20168921497295778,-0.055636539062144844
2024-08-05 15:00:00,0.79290997914534,0.5535955389469875,0.9335701563625756,0.840626363436223,0.704119580249202,0.37783420264059,0.9085532394098866
2024-08-05 16:00:00,0.15956971793972605,0.18432147497761478,0.48109735843226664,0.2508160872410388,-0.10289699188920978,0.3538671798215525,0.21594949006100173
2024-08-05 17:00:00,0.46276026032910506,0.3620243619432232,0.7986564467189988,0.5348976591948456,0.5028994437059039,0.3438814435500017,0.614441257234099
2024-08-05 18:00:00,-0.03463283458187355,-0.043429836980171915,-0.017420692342364534,-0.0063890619281554055,-0.11015274029152397,-0.04120338924950474,-0.08754651467454055
2024-08-05 19:00:00,0.18745120944366997,0.1414278848621626,0.170592065323421,0.15003514274606,0.2345272958995067,0.06866288666360877,0.21872274686431792
2024-08-06 08:00:00,0.5476474388181419,0.40497192618166833,0.9922318754695004,0.6771389047152262,0.04970654125706293,0.602209083762504,0.575139923595156
2024-08-06 09:00:00,-0.08886774485264462,-0.3797879430617386,-0.731683882805538,-0.5751159725902936,-0.04301383678047845,-0.2857215787604112,-0.33727578674063097
2024-08-06 10:00:00,-0.44149420681744267,-0.37000224409411553,-0.2547506559588059,-0.6938920816259504,-0.49359151368338955,-0.2778073705118988,-0.4368822344525676
2024-08-06 11:00:00,-0.22783191829304272,-0.049156268765077234,-0.18219697394246595,-0.27311886394623697,-0.5056961676135631,-0.27482840533772496,-0.1533608222761592
2024-08-06 12:00:00,0.15867203518298392,0.1936761162856434,0.182196973942459,0.417409779415662,0.15920881423494215,0.24363591623611716,0.17525032415851438
2024-08-06 13:00:00,-0.06055415889321947,-0.2653471073592302,-0.16245260537870748,-0.2791505374306393,-0.0983900763280481,-0.2849253998909017,-0.10073140605616236
2024-08-06 14:00:00,-0.5060490764135518,-0.5950216365552629,-0.32336889874128333,-0.8680834169613393,-0.48855856594749636,-0.4389712562448387,-0.5272072488515858
2024-08-06 15:00:00,0.5377724946183198,0.668097427831177,0.7151262787043576,0.6461327339784988,0.43546489298326213,0.7201529035224782,0.5929131516053643
2024-08-06 16:00:00,0.33392665074783845,0.4303433262422931,0.31991527016431975,0.24122748180883205,0.24496106375981147,0.3600061190143363,0.3322480050398979
2024-08-06 17:00:00,-0.1495533810332612,-0.12036558997743023,0.07261787756223985,0.05459742564245002,0.12417997100274626,-0.10574968171997218,-0.02182453085921205
2024-08-06 18:00:00,0.19839735997281396,0.15812492362420372,0.2876474737403309,0.28214642228366965,0.22102429693400244,0.19896544566131336,0.21803126483090524
2024-08-06 19:00:00,0.05456211170116253,0.12436509040380285,0.1572805715386665,0.1119964278213013,0.16305237592542765,0.2915146550152335,0.10883762502323907
2024-08-07 08:00:00,0.11649093921881892,0.006982216297927531,0.14099766766666827,0.3352386524594279,0.327219787362233,0.11636833123817782,0.24770774475503526
2024-08-07 09:00:00,0.21426410795891507,0.4694811601759575,0.14308692394868036,0.022309334955649768,0.008596604346595782,0.2039366649401702,0.1777970980082561
2024-08-07 10:00:00,0.4624800555786586,0.47282067550979756,0.3243344855835541,0.6036459371510398,0.40035513454266786,-0.09882644411502675,0.5616657309509335
2024-08-07 11:00:00,0.07971848410424907,0.09678401330664396,0.2823638446703411,0.2657178313140969,0.3513707058484116,0.07412898782747962,0.1721874685557448
2024-08-07 12:00:00,0.12514364709025483,0.18777014725958122,0.17039843266937207,0.30596497388816146,0.15156254381413437,0.19124593262311873,0.15042120766464223
2024-08-07 13:00:00,-0.27894338461811696,-0.1656612331317441,0.01134957837535462,-0.14813416728009465,-0.08806777052273092,0.08748098462674196,-0.2666152216842525
2024-08-07 14:00:00,0.17941004553221437,0.07043955955766325,0.2776630503316582,0.29290436990816704,0.14200648042422837,0.2116090452773694,0.17209116472042313
2024-08-07 15:00:00,0.4428730346899513,0.40647381853118675,0.3141316511170965,0.24500192865691264,0.41068207247016014,0.4659269322994518,0.45033529529758176
2024-08-07 16:00:00,-0.015864112577813137,0.07972289843845692,0.08683346001792905,0.0627244379285983,0.04992205669518894,-0.1162783712509118,0.053476509044537705
2024-08-07 17:00:00,-0.26382619804909435,-0.1994265430541919,-0.22569806678330684,-0.3454723054134401,-0.354703967982298,-0.28084910873036745,-0.2569484519346106
2024-08-07 18:00:00,-0.3215025174885688,-0.41525606159970063,-0.5040133444617857,-0.34666995529548017,-0.3313110630851179,-0.332148566504645,-0.47279379741282646
2024-08-07 19:00:00,-0.36257266184381387,-0.41143485134271585,-0.3560362071797799,-0.3954074680083601,-0.2420768517944979,-0.15784933601862383,-0.45339801746002173
2024-08-08 08:00:00,0.33692177033468734,0.30354505444366325,0.19921799322437286,0.13303139285138538,0.04751225905639681,0.13320179571833984,0.3930635905306401
2024-08-08 09:00:00,-0.17288752070368918,-0.4007632335657826,-0.6469117514893343,-0.6733069757010001,-0.3807316541709333,-0.44469772125898344,-0.4190342438385249
2024-08-08 10:00:00,0.19397873458122913,0.08472399237329267,0.2263815379762762,0.39754528711416526,0.32371423380480185,0.16452153314195744,0.23781224049674193
2024-08-08 11:00:00,-0.3654494808249066,-0.34629299811769976,-0.22638153797627547,-0.33383174105223856,-0.2283953372435139,-0.16080753570419756,-0.3460959543799431
2024-08-08 12:00:00,0.05718959076589942,0.11278118167616547,-0.053812379290454196,0.0859489452541055,0.09998715284010908,-0.009904299712203185,0.06498429774881166
2024-08-08 13:00:00,0.26208144089125424,0.15295625652981462,0.11445970551525599,0.2383601954862066,0.1455168243082488,-0.0012381064400195491,0.20118337180606477
2024-08-08 14:00:00,0.2050745252906224,0.23038287037798338,0.4018591368101596,0.15225289604737988,0.12347556752852931,0.3004100442560652,0.2589948138007597
2024-08-08 15:00:00,0.17625558204349337,0.2423001690808838,0.43202013555282753,0.11087178023735872,0.06642374798235355,0.3265822099512933,0.27982281808487164
2024-08-08 16:00:00,0.47095181165025307,0.3023966182483873,0.3601036640369431,0.5462251519898239,0.2813367711626834,0.3181605892473446,0.3754523242039946
2024-08-08 17:00:00,-0.04807026268237164,-0.201496107258677,-0.016956912526006097,-0.06299510421404596,-0.09558465884307327,-0.1251779653908695,-0.10069739144819125
2024-08-08 18:00:00,-0.06507303970760683,0.004144419194780721,0.06442097634086777,-0.04096810847669642,0.014201519586468911,-0.07985209360367317,0.0
2024-08-08 19:00:00,0.14988732977914404,0.22492230347682748,0.2313470502502223,0.19838152426706387,0.18443645719166363,0.20870939279024628,0.23551588841993362
2024-08-09 08:00:00,-0.012434928599968191,0.08817492270444288,0.0935153382592804,0.08490032583425934,0.17655088447587694,-0.004905808478223168,0.138908204027741
2024-08-09 09:00:00,0.3115372808546466,0.42188646921812467,-0.23677456603621042,0.2824816303789794,0.40667300088335784,0.3318255268624546,0.1195202259494714
2024-08-09 10:00:00,0.2139014167513211,0.36274328149309243,0.2277648467954746,0.3910165142156303,0.2861259122778246,0.2441854580032337,0.2769081795811733
2024-08-09 11:00:00,-0.05061952784454141,-0.1928429885133761,-0.08450561901855294,-0.0780810833597856,-0.046849819079630914,-0.11835548287585733,-0.08512087677729265
2024-08-09 12:00:00,-0.23938346280867984,-0.3332216536955574,-0.25394617576025796,-0.4226945989244895,-0.2768616006691507,-0.1343872754266095,-0.3198501564708467
2024-08-09 13:00:00,-0.12809409612623446,-0.10032089783408867,-0.09044760873931927,-0.2513314026221583,-0.14013046650462746,0.0012225163053161533,-0.12822706492795544
2024-08-09 14:00:00,-0.22611654631371775,-0.27674722844933536,-0.3058660653154791,-0.3308340026773202,-0.2874580806515875,-0.26931426871668107,-0.3427448623281376
2024-08-09 15:00:00,-0.06510324755471611,-0.012409599530572205,-0.21011632269634897,0.03786504312947284,0.037746532485551355,0.006128840486592881,-0.06439564907957218
2024-08-09 16:00:00,0.23756339123122264,0.23414376098937692,0.3778920867183653,0.17336489763714535,0.19416932759117667,0.18002025496609328,0.2744662500082069
2024-08-09 17:00:00,-0.04238066375045278,-0.1404204583766503,-0.1190010850530027,-0.06300701161423622,0.017889845677179977,-0.21434660077328838,-0.06426047131273913
2024-08-09 18:00:00,0.09321376283997125,0.07023487656771835,0.262746759234991,0.13541603127461113,0.14112336522227353,0.2167936227476728,0.08567145522923991
2024-08-09 19:00:00,0.16925728320688957,0.14032193800621,0.2067668847671932,0.13209002911239726,0.15031239619059678,0.16503570349982083,0.1924928409584418
2024-08-12 08:00:00,0.3039430477112224,0.28005454653420964,0.24462982364953667,0.244848112529254,0.22598243954191966,0.22449985026876956,0.32851961197153023
2024-08-12 09:00:00,0.1286159363366686,0.020561324221712408,-0.07884747927610726,0.3505316328839349,0.23201432430535218,0.12301697602030091,0.04684339487340407
2024-08-12 10:00:00,-0.47823022521061703,-0.5194388560309758,-0.34653863250314376,-0.5011364336392162,-0.5763488657311273,-0.37805845170744645,-0.5336078060284914
2024-08-12 11:00:00,0.06765366095200333,0.07437094917844168,0.12995159719957583,0.08788036282669005,0.15026439965236751,0.1648140721386491,0.1069495941603977
2024-08-12 12:00:00,0.04789366571054052,0.015142859138385421,0.0361304312484304,0.14734006866273405,-0.028157381174175846,0.12190960694513923,0.021376199820615928
2024-08-12 13:00:00,0.050685950939839255,0.03578309974872768,0.08237372180003777,0.15025122949360203,0.008448046863522688,-0.04996496463206035,0.06196515192768828
2024-08-12 14:00:00,-0.07040409423068147,-0.12254144190940565,-0.03158737884866676,0.021892787977600248,-0.06572585046424992,-0.030478698673608123,-0.06410256629761212
2024-08-12 15:00:00,-0.32449879346366844,-0.28283097984355815,-0.24853434092536944,-0.3194840861339464,-0.3245671762807659,-0.0646455798229644,-0.3640260979219338
2024-08-12 16:00:00,0.38870931605665837,0.4053724217529704,0.4232679167478196,0.3976335118055974,0.3996789085085558,0.32159460541443097,0.4281286642195471
2024-08-12 17:00:00,-0.0016892224790795501,-0.09085903708763024,-0.02252911898146184,-0.1094263044941353,0.08349556035419982,0.07294567086980316,-0.021362956714442577
2024-08-12 18:00:00,-0.26499789977645793,-0.2827412596026788,-0.2617093813932147,-0.2662491784268483,-0.28172471608929894,-0.11552189816446362,-0.34242944107836687
2024-08-12 19:00:00,-0.005645889793728775,-0.004143617793288445,0.013553502471662414,0.009409108023498003,-0.03291964344835637,-0.05841974753558866,0.021436227306086904
2024-08-13 08:00:00,0.49393663489494144,0.441021125794901,0.4428650304243001,0.5223822445565797,0.4786179918439403,0.21039453681794165,0.6090087736892237
2024-08-13 09:00:00,-0.06800370067304853,-0.08116716064788847,-0.11813084644739467,-0.22488413893999126,0.1823973118027629,-0.15684179826294004,-0.08738371595806042
2024-08-13 10:00:00,-0.1237616958056531,-0.13772209861746865,-0.2705385363673368,-0.04065803521324149,-0.09349552370065928,-0.10104392617928991,-0.17072498224747668
2024-08-13 11:00:00,-0.08728780467885545,-0.19036851702445692,-0.02031992601507556,-0.0782350219845077,-0.04678056259410966,-0.024363206805771347,-0.12823528654629068
2024-08-13 12:00:00,-0.30752153608469585,-0.19211505165955828,-0.3109578302987445,-0.4612641144576873,-0.14047313654536597,-0.14874423615411167,-0.2784085406488682
2024-08-13 13:00:00,0.14964694590624297,0.006917016555170246,0.12789245197225718,0.02201327094647694,0.09179812552172155,0.08537210558280416,0.09860242589158172
2024-08-13 14:00:00,0.21081951180072145,0.2141905455756627,0.17516206965864956,0.18848666540048942,0.10293843319605364,0.20459617673624825,0.19263704587279487
2024-08-13 15:00:00,-0.01689427006692962,0.0496818988703927,0.011290249752330912,0.0,0.0,0.06324264710989289,-0.02138579991041863
2024-08-13 16:00:00,0.22108905164265202,0.26593011930945015,0.21652597184442196,0.28519512874511666,0.28486721577931334,0.0024316109423855813,0.2947208694033741
2024-08-13 17:00:00,0.037643304852437824,-0.03853670668958886,0.04505062640251214,0.07820810008843604,-0.014923702598312891,0.05834093146333786,0.0
2024-08-13 18:00:00,0.19080762284904929,0.2557159373571688,0.2395533982937146,0.18745026342627172,0.12119066637250023,0.15419641847140503,0.2343018878814555
2024-08-13 19:00:00,-0.042058630349837436,-0.03433240669559155,-0.05955357469357883,-0.03121731962230536,-0.02329449375293271,-0.030334836151489804,-0.02127750125053986
2024-08-14 08:00:00,0.2492893746509517,0.6298370927120671,0.16845608403914158,0.3428556976457519,0.34420559780596277,0.5699675991684543,0.4437610127407265
2024-08-14 09:00:00,-0.1517404242563278,-0.15025272598628278,-0.10328607791229205,0.28585207986889427,-0.3917431976795878,-0.25735374952116374,-0.19085189328908034
2024-08-14 10:00:00,0.2714024771511837,0.18709845878028672,0.2187951436371418,0.27266124810312253,0.13509675446722924,0.1474855199643548,0.23321400525021305
2024-08-14 11:00:00,-0.12022155762126648,-0.29377826538539054,-0.24463334049943802,-0.22613230626238123,0.06515385848233754,-0.05074915526997014,-0.2544422728910177
2024-08-14 12:00:00,0.0922759507682328,-0.05885936204861015,0.07075829599264297,0.0,-0.13500870296200562,-0.12456539781508999,0.06367128852326523
2024-08-14 13:00:00,-0.0033539976860719654,0.046542827084880146,-0.01459681904220388,0.0775001588793767,0.03539921972371735,-0.04115276205211707,0.11238696222020653
2024-08-14 14:00:00,0.09219397145738398,0.12993142817194675,-0.06402660130772792,0.12387545908252012,0.0698301294163162,-0.09083807829905752,0.14824229737231603
2024-08-14 15:00:00,-0.31884928113981514,-0.0779385965383676,-0.2711629594678447,-0.24790455980263815,-0.1769977918161946,0.07267706268514233,-0.275482267884462
2024-08-14 16:00:00,0.09967968927853094,0.10527108273478611,0.1407364689023454,0.07753621329427886,0.1602430073552083,0.11496410151117752,0.12300124552000762
2024-08-14 17:00:00,0.1426266472550089,0.22111823816050538,0.23935957487859358,0.2477126562762607,0.1339597390895144,-0.10285639130653897,0.27514409501556214
2024-08-14 18:00:00,-0.12303839230999693,-0.07774512268185062,-0.03030966396316792,-0.046399406920049804,-0.05579475116148741,0.0036320272163805163,-0.12689551858222778
2024-08-14 19:00:00,0.033570941308754494,-0.017739811595142346,-0.031441950558284165,0.09277729477480273,-0.004650968099844388,0.014526789847116582,0.0
2024-08-16 08:00:00,1.957159232099882,1.5317097151734143,1.9518728131995757,1.9681095590423532,1.4177822124651251,0.980506295469705,2.052729010770573
2024-08-16 09:00:00,0.18086755563645107,0.05911753813276293,-0.20396582651500136,0.15143028773153946,0.01650679533486648,-0.1427432124484301,0.17814239527550935
2024-08-16 10:00:00,0.14773961123188875,-0.0685258241516043,0.01655327675893172,0.0,0.1832257395014299,-0.018007311016909205,0.0
2024-08-16 11:00:00,0.2621104657413976,0.1947054185939062,0.04964339596584927,0.07562923884203675,0.2650824221352594,-0.141770715658408,0.30995602779458115
2024-08-16 12:00:00,-0.17466395283710034,-0.16648321559644993,-0.15452712265964166,-0.1452586918852873,-0.205606268031553,-0.042089314144642925,-0.2272071039805459
2024-08-16 13:00:00,-0.15745882261496139,-0.1223537789868793,-0.21231195705348752,-0.3640725491081447,-0.1519631919084719,-0.14564540932895775,-0.20285662100287075
2024-08-16 14:00:00,-0.09032262210248726,-0.013454604185844113,-0.030999856320348105,-0.08209931436910682,-0.06415015020349496,-0.02409406333937904,-0.051815083493445435
2024-08-16 15:00:00,0.18056373605908788,0.0013455418833719323,0.14384670637150881,0.28856980627587525,0.26092583914656825,0.13244556618064207,0.12431112527789079
2024-08-16 16:00:00,0.09507522039799801,0.09414296976669578,0.08841831277077147,0.07580122251310634,0.017370872747182138,-0.0505494251740015,0.12208876748015184
2024-08-16 17:00:00,0.0682454131448933,0.07256406784672341,0.08502885419670875,0.12721684612652767,0.09959568632847339,-0.0060194911140347244,0.08268734321253175
2024-08-16 18:00:00,0.14725133550754363,0.10472189241616892,0.13016382622055045,0.07564754657528251,0.10953203537633896,-0.024081588537948336,0.16516985276636253
2024-08-16 19:00:00,-0.03270378575465441,-0.025499077474173456,-0.07388578916966507,-0.015124931966642469,-0.06844346153050654,-0.04215673937903245,-0.041266894220218064
2024-08-19 08:00:00,-0.27349492576487566,-0.10474861292970733,-0.29055817515161125,-0.05144188693342633,0.04380921158726321,-0.19052907713622602,-0.17557453516215438
2024-08-19 09:00:00,0.0054663029766670295,0.026869080567379182,-0.10516237484864757,0.3685860454686814,0.3279587525469372,0.015690155666470727,0.020671834698936853
2024-08-19 10:00:00,0.16657886443896688,0.18788168983799455,0.19363446767598955,0.09042818358221189,0.42202771780086645,0.13989558354347553,0.20648365791778595
2024-08-19 11:00:00,0.0763696107901357,0.1902058010219126,0.11600096311080536,0.09937664563442476,0.1538461841905641,0.11201648897536738,0.16488049901838858
2024-08-19 12:00:00,0.0218091806610078,0.00802890405890376,0.03863710424334553,-0.030103707498889624,-0.06331976692791308,0.06017209399917725,0.030884851226085926
2024-08-19 13:00:00,0.11169745864536224,0.060196241559273354,0.005518367888925116,0.08125922137324237,0.17267804363947387,-0.004812435333828423,0.05351115629458789
2024-08-19 14:00:00,0.04627701503291943,0.1149410051565581,0.04965161221482466,0.0,0.0496688004359046,0.19231699758934678,0.020573591810203903
2024-08-19 15:00:00,0.18217764362896183,0.25880138776344047,0.08049355107923367,0.11425308297988437,0.2119437834825056,0.3201076951586344,0.1438967480957545
2024-08-19 16:00:00,0.16611750387732388,0.0639301052646685,0.17839842631165875,0.09310987637294899,0.045937049037218,0.2032812676870156,0.09855251798588935
2024-08-19 17:00:00,-0.14112796132753577,-0.1692374725150086,-0.10127363458185433,-0.24948912784858546,-0.10000766657935016,-0.19729650489130487,-0.10266098142117264
2024-08-19 18:00:00,0.07330283901609383,0.0653302869103351,0.040741944394735635,0.10528216590341197,0.14412339455160383,0.050257871799413704,0.08213721482748328
2024-08-19 19:00:00,0.002713888323661867,-0.04265984173904574,0.036323410837400524,-0.030069309985553995,-0.03150924822497564,-0.08377715767362165,0.0
2024-08-20 08:00:00,0.2650630737558451,0.18250975897887628,0.12647857874423254,0.2942900879228734,0.13676815434433198,-0.19535352605579143,0.2541974678055666
2024-08-20 09:00:00,0.11199330292874841,0.180848708218093,-0.019786090443025376,0.2994059033914783,0.14017308276774929,-0.17049688350808206,0.2433414625460947
2024-08-20 10:00:00,-0.2490445560813113,-0.11831253166420792,-0.060481766591628815,-0.3894027595760813,-0.29224931215153427,-0.05409141580936286,-0.22491677341059663
2024-08-20 11:00:00,-0.13018292537003404,-0.12244790839700513,-0.09024079496045377,-0.23437158607750055,-0.11263139641688612,-0.21063408624133395,-0.12289543146868352
2024-08-20 12:00:00,-0.05157759692165158,0.003995232356589167,0.02421893932884958,-0.030087404135323223,-0.09019654437175119,0.10236339897288554,-0.04099872961368776
2024-08-20 13:00:00,-0.03639178237681986,0.005326728191629797,-0.011007881654378186,-0.07525813895648939,-0.008121680831433666,-0.1300797524012478,-0.014353527403995805
2024-08-20 14:00:00,-0.11686911718779851,-0.17593201834927466,-0.1597506027410675,-0.12656131625625253,-0.13094030542257074,-0.1024967079765972,-0.14364870108158176
2024-08-20 15:00:00,0.1793244839979992,0.12798124688825152,-0.02756901921378452,0.0060303628789197886,0.040654997736691685,-0.018098564833219314,0.10262726680722135
2024-08-20 16:00:00,-0.2642081277733863,-0.19870779831423524,-0.3900880709777026,-0.1659676291526796,0.07674770697929505,-0.12194902593759437,-0.30408274751243375
2024-08-20 17:00:00,0.003810425870000382,-0.06810488414994922,-0.0155023309172299,-0.1511190652241962,0.09833152949066169,-0.12088830185602323,-0.041163274708056
2024-08-20 18:00:00,-0.18251908576999837,-0.17514895477444414,-0.28611688199919694,-0.1664951646948333,-0.1985667746322548,-0.2482788294636759,-0.24733611141485784
2024-08-20 19:00:00,0.0027266158608943566,-0.001338195443469716,0.057732876034558546,0.0,-0.03614544968146549,-0.040024500379688514,0.0412651913339038
2024-08-21 08:00:00,0.1019220847632668,0.1417491545181399,0.15305276652683594,0.205808096131373,0.11110560238929816,0.4309360144861894,0.21430493066632422
2024-08-21 09:00:00,0.22147198073722818,0.2935566470362922,0.12183102438381999,0.338057399266331,-0.05237587939632371,-0.010871600370668767,0.24670557937466753
2024-08-21 10:00:00,0.005435402954944798,-0.041312677582421284,-0.02767583861617919,-0.054253637077896606,0.05418145501387937,0.050724026159748886,-0.04107535331210273
2024-08-21 11:00:00,0.09235667716118984,0.05463570779210863,0.12503390268548656,0.07534432712292088,0.0812171791896077,0.09051467257292939,0.08213384170481165
2024-08-21 12:00:00,0.10040897142850874,0.1637282477449053,0.10168218564375667,0.34585460476800006,0.18925062423636319,0.05185815103221147,0.14357209784276312
2024-08-21 13:00:00,0.12902667979610521,0.0359044944315581,0.05521872275835406,0.0690276137852776,0.12416996682584679,-0.0060286360229285015,0.10447288240388825
2024-08-21 14:00:00,0.0676994926731194,0.05051042217129476,-0.016562415500529608,0.02099895012967036,-0.049469552499922236,-0.03617945046700258,0.020472086381806923
2024-08-21 15:00:00,-0.15713305898418176,-0.05848808472040935,0.0717506640121595,-0.07501650714874875,-0.12603303733431923,-0.12673125621219267,-0.08191350392490412
2024-08-21 16:00:00,-0.06889126031557888,-0.09445069644508462,-0.00551745446860282,-0.15020204995801675,-0.155960563681635,-0.09908288730963166,-0.07788002771028214
2024-08-21 17:00:00,0.032552966676539466,0.07051388950081616,0.02427452290413158,-0.030067501767478817,0.13433894197577362,0.0,0.040997048786741014
2024-08-21 18:00:00,0.12197933285339957,0.13158158959019384,0.08932362762595784,0.07515181018644664,0.22499626998214,0.006044450893706586,0.12289039724526442
2024-08-21 19:00:00,0.01083541013086791,-0.023911051004611394,-0.08380751229361252,-0.00601006686380366,-0.06294794413048471,-0.054413215289260505,-0.020471248203486715
2024-08-22 08:00:00,-0.023297583387457455,-0.08772280159019247,0.21268983415281004,0.06609087735878141,-0.03328849913104061,0.12087807293330592,0.006141814498664923
2024-08-22 09:00:00,0.13699856209497327,0.2549802178271708,0.18147527843607808,0.04203509992686976,0.43188854210009836,0.3316632620975354,0.15751095093546666
2024-08-22 10:00:00,0.13518996245811724,0.17227446250605544,0.14274892891692903,0.19493183560496788,0.2550234258689715,-0.0036122165166435774,0.18378979626706232
2024-08-22 11:00:00,-0.06216468435391754,-0.08742532977064628,-0.0054865770905358,-0.17392090984631817,-0.07151989004717536,-0.09637393831099603,-0.10206373745211743
2024-08-22 12:00:00,0.04595153545468056,-0.05700007445035413,0.08226706545707843,0.0,0.09832666696085371,0.033741444453920987,0.04083799623873476
2024-08-22 13:00:00,-0.0108102264847775,-0.033154520259411895,-0.0932411227965524,0.03900858238265733,0.008933995646158982,-0.12055747228594911,-0.01224964783793625
2024-08-22 14:00:00,-0.010811395221084897,0.02917655816884991,-0.12299179042916919,0.020998320211546618,-0.08937589412238045,-0.12070298877583725,-0.020419414850516442
2024-08-22 15:00:00,0.21870325836944013,0.06627871767966848,0.12518669824313586,0.05997091590404253,0.07597460132427448,0.21475028461386858,0.10205540452658277
2024-08-22 16:00:00,-0.19708163666358972,-0.23880925192344554,-0.25713169632935723,-0.1199778184982497,-0.2881150157426864,-0.17973141633146136,-0.30647920522212196
2024-08-22 17:00:00,-0.17310401379782406,-0.19811333506277637,-0.27103273389274674,-0.18023706046260088,-0.11745246095121974,-0.06280117596293694,-0.20484254776323355
2024-08-22 18:00:00,0.09199881591598627,0.04258093769011114,0.02537161150919604,0.060115122266047684,0.03587797937830751,0.15934142263935913,0.061496834851216965
2024-08-22 19:00:00,-0.18950166747343322,-0.2504230525599446,-0.19873259350581615,-0.21056122324800003,-0.1705351625889699,-0.1327668808937909,-0.24621457717102008
2024-08-23 08:00:00,0.38134436131008426,0.5174707417375177,0.2461492155740265,0.5645067312625864,0.3434657512223284,0.33279104687365246,0.4836471432735972
2024-08-23 09:00:00,-0.01673780236562448,-0.017250187472703373,-0.03087338628385203,0.25418673973100836,0.36280813667592693,-0.0698424959752413,-0.07771756194429891
2024-08-23 10:00:00,0.35843974418096486,0.3007879726581306,0.13775397118941063,0.31906038517186064,0.07133431126046642,0.015658594492447397,0.2860296969077563
2024-08-23 11:00:00,0.19082282655436802,0.16656755784519023,0.018719889937674743,0.22303515356833814,0.20480314897490448,0.05057255463058413,0.14270863362628167
2024-08-23 12:00:00,-0.04565682796590417,-0.007925500301364246,0.08034560044800353,-0.10402117025574134,-0.08899331357667445,0.17199597704227285,-0.02037448306798008
2024-08-23 13:00:00,-0.09836727259617559,-0.18907721435441355,-0.011002431548472162,-0.11008301965567163,-0.06501516507296763,-0.10701167929347646,-0.10805411911796463
2024-08-23 14:00:00,-0.03496249635563218,-0.03838797047584303,-0.08806305883721041,0.020835813862724015,-0.08467212342142123,-0.012030943601415022,-0.08162765998208879
2024-08-23 15:00:00,-0.002689929174325467,-0.027807387675138198,-0.02533248905251337,-0.020835813862733685,0.057941302626057976,-0.08425715781514474,-0.020417330300822146
2024-08-23 16:00:00,0.23106984826020538,0.29093237833920993,0.0,0.06546937308853758,0.4516807864082155,0.30179355473775693,0.15302846254591068
2024-08-23 17:00:00,-0.12621619014992158,-0.10701758884191542,-0.10139417852199319,-0.05951584040934026,-0.1029601120555731,-0.15258649026005938,-0.12240403013458552
2024-08-23 18:00:00,-0.13982932347528837,-0.04495511175656564,-0.016541411461213892,-0.09529908251364833,0.008880048313294512,0.1225681788648187,-0.08168600356192272
2024-08-23 19:00:00,0.05380365026141056,0.08460461070985065,0.030875088459796144,0.07446016725262733,0.01775773131891376,-0.04804804897241707,0.06127075738522159
2024-08-26 08:00:00,-0.04896013612950414,0.06604758307811433,-0.08051574628022642,0.014885382581823436,-0.09948393533301178,-0.034849277230195694,-0.01225114856050719
2024-08-26 09:00:00,-0.036062900547740875,0.142514077589975,0.007723498748767072,-0.04466279663345396,0.03998311877163414,0.04926611612296305,0.053077473941819844
2024-08-26 10:00:00,0.11567816936630697,0.08435704617923465,0.22702486083985085,0.199339567957147,0.20854139560019302,0.05524530255200816,0.12237906398041519
2024-08-26 11:00:00,-0.12106180741486569,-0.14503265776465246,-0.08590025086863809,-0.10408303791508138,-0.008865248232751055,-0.0792745221985855,-0.14279014318503278
2024-08-26 12:00:00,0.09148245251314588,0.1318565591883688,0.10681349948782726,0.04462028214554432,0.008865248232756768,0.05766042972620738,0.10201376030067508
2024-08-26 13:00:00,0.14297541753817167,0.10930905917091645,0.08250961705077196,0.1723446724896407,0.1744853348042823,0.04922530279912889,0.11209506834558161
2024-08-26 14:00:00,0.013427036163059309,0.0013162484287340221,-0.013196964717275125,-0.023754027161597514,-0.11510843599007509,-0.01080347873064721,-0.020371577645419546
2024-08-26 15:00:00,0.07784127752111501,0.11050306323359654,0.16483701355405142,-0.05940976574210726,-0.11524108821900313,0.014404378956078967,0.020371577645426228
2024-08-26 16:00:00,-0.07676719250728958,-0.16843438990115592,-0.3960662646658007,-0.1338011617314791,0.008869415600028418,-0.14654129200418398,-0.24677522338345534
2024-08-26 17:00:00,-0.07790108031754829,-0.08300559776177131,-0.02756294014792599,-0.10419148358625006,-0.2513088468155399,-0.09741256189632189,-0.10828371388320486
2024-08-26 18:00:00,0.11817094262872886,0.12382434334963772,0.15205274090223425,0.12799144502365223,0.13328122530286332,0.12986234014044157,0.12257657462361278
2024-08-26 19:00:00,-0.1423594843657475,-0.19634592169673407,-0.17079988063986254,-0.1637392446804529,-0.19553997466790385,-0.12745594876484087,-0.18392125182954247
2024-08-27 08:00:00,0.21695011140711304,0.19897881709195486,0.05733312909260161,0.1934812331516173,0.24702779627264895,0.5028664321805422,0.2349505131146499
2024-08-27 09:00:00,0.05148336557501807,0.17624626422033696,0.1707020672985763,0.12481984472710536,0.20834356728869574,0.48248117099334287,0.0856705814764203
2024-08-27 10:00:00,0.18747561613167332,0.19036496732756614,-0.013205242500450264,0.23732193461130022,0.29183674329338477,-0.11920941735499209,0.18333304517784882
2024-08-27 11:00:00,-0.17407283851998576,-0.33238989816140174,-0.2567480377450007,-0.06520740631484505,-0.32726883805516854,-0.5166239665639084,-0.2649224104512528
2024-08-27 12:00:00,0.04019755813768001,-0.09611270941649655,-0.0022067017533089674,0.04446420704649239,0.11068363764954872,0.19165354915285793,-0.020407746851508833
2024-08-27 13:00:00,0.20341966052228191,0.0592584806347732,0.15655494195654313,0.18357593205243145,0.033623558043102,-0.033512866860623394,0.13869061982433858
2024-08-27 14:00:00,-0.07489595163022257,-0.2715601869222225,-0.18193551271422836,-0.24286593601266274,-0.16380020042383583,-0.13416389171054532,-0.22444866489644133
2024-08-27 15:00:00,-0.01873275588401252,0.03167605976304151,0.0860471326589332,0.10669670993392572,0.19475926836090776,0.06231276414929795,0.06126325009352671
2024-08-27 16:00:00,0.14709149334333724,0.0026392187914111337,0.1839805301351052,0.05922679593301168,0.09458689660191408,0.05389318501432558,0.13260842680568652
2024-08-27 17:00:00,-0.12300716596907028,-0.12543988123749755,-0.011007275820413423,-0.014803410732855592,0.05653260933715464,-0.044310051322275924,-0.10199087045982361
2024-08-27 18:00:00,0.04547679825418238,0.03170493302470599,0.04732269211356931,0.008882309406292742,0.08826827064174017,0.0,0.040808831597391376
2024-08-27 19:00:00,0.07218537516986812,0.08581708286516315,0.14512992773077316,0.10356869008864138,0.06615011023686668,0.08381326895402727,0.12232666819284588
2024-08-28 08:00:00,0.1495519063521069,0.07387570748768776,-0.06044520826075151,0.05913398454476175,0.08196541166173286,0.09211353344438032,0.07128818038403976
2024-08-28 09:00:00,0.2058019803049573,0.07777433970776974,0.0,0.03546361322724236,-0.12517852795572876,-0.23343938486074514,0.1058201156948126
2024-08-28 10:00:00,0.02662732938294796,0.0,0.1812261263848654,-0.0354636132272404,-0.052939464959630825,-0.03955909641074811,0.020337190690573975
2024-08-28 11:00:00,0.18885043608874766,0.08166383931408411,0.016458828278324827,0.07386834043487653,-0.01765271812310829,0.07191399396617991,0.08130742784705583
2024-08-28 12:00:00,0.06641182480789264,0.08685925399682724,0.1315731955961357,-0.07386834043486995,-0.13249480792105955,-0.11388771903092165,0.10154140715278681
2024-08-28 13:00:00,0.05469021845145502,0.04866084147757337,-0.1754694256148978,0.08863546294021808,0.16867952689142413,-0.05519227448279736,-0.004059677256227791
2024-08-28 14:00:00,-0.09559468584269708,-0.1289372070322417,0.09873943467521538,0.05904669288660068,-0.07503167129751373,-0.10807306790571092,-0.06091494431898492
2024-08-28 15:00:00,0.12478595520676586,0.09343027952072984,0.14245172748279603,0.17103851060738653,0.3526003494470891,0.32386943995301737,0.12179280492193552
2024-08-28 16:00:00,-0.12531729213015155,-0.1461055246909273,-0.1698695700897002,-0.12677635992458247,-0.10741139593375928,-0.019163053691239183,-0.16648735902515693
2024-08-28 17:00:00,-0.11164334834975757,-0.2030591415027637,0.018644950836829287,0.008850079656499756,-0.13310358039176534,-0.176232624661751,-0.12199586727154961
2024-08-28 18:00:00,0.026593057241371586,0.022435876380047876,0.017545013971349638,0.0,-0.0882456816885036,0.05638026840007965,0.061016537374162454
2024-08-28 19:00:00,-0.44770466628778866,-0.3926940251960876,-0.4043161806595288,-0.3102197660257966,0.28211250307079067,-0.1824511369167417,-0.46874767387092137
2024-08-29 08:00:00,0.35246884403866974,0.2685737446474371,0.3132679681839921,0.2216837039335227,-0.3209652868316588,0.2759482968593298,0.3751737538227159
2024-08-29 09:00:00,0.062259378831979274,0.4613709558938838,0.3779107700032129,0.5094839622419907,0.2698914135293859,0.18792835527605176,0.3108968722123019
2024-08-29 10:00:00,0.3451813503462931,0.16163478008994045,0.19114930207005257,0.1409009083446418,0.17161040738228436,0.009566517197117255,0.26340332123653126
2024-08-29 11:00:00,0.22240824240846105,0.16137394361437182,0.31595947142935776,0.16120526382193287,0.043955271823827094,0.047818863061384,0.26271133046776063
2024-08-29 12:00:00,-0.01586990909872924,-0.005243838490972438,-0.13062079380616648,-0.014644290217421179,0.057112984212086826,0.06213035626113818,-0.09086045469770804
2024-08-29 13:00:00,0.02644844948159551,0.03276948011052555,0.18282137572296223,0.07320001498052406,-0.04041504548987995,0.07760870084536471,0.10498688628370167
2024-08-29 14:00:00,0.052875922594867474,0.14274959042595825,0.0456531671661171,-0.04391357878403286,0.05710345103930505,0.05965804188346353,0.12100191046007834
2024-08-29 15:00:00,-0.20902298660132185,-0.2607700085415907,0.07604232664857194,-0.24920852583252398,-0.3431108533830352,-0.2926650717919211,-0.1815578155018679
2024-08-29 16:00:00,0.06142929205271422,0.1180204181156201,0.14974286094138042,0.21113448600988874,0.10921935677422981,0.2258456725894777,0.08073306053488329
2024-08-29 17:00:00,0.32346922215490387,0.307509353097522,0.3355635198314637,0.3217082543584152,0.08711376816366094,0.08948012647022961,0.3825944539295058
2024-08-29 18:00:00,-0.04222415812345027,0.015677257557190863,0.012966945113952503,0.08755929052654214,0.04396802715948406,0.10727057047702651,-0.040204238068175815
2024-08-29 19:00:00,-0.08186007666092318,-0.10717694369208541,-0.04322969082442933,-0.06420264910538129,-0.039570354407193156,0.21657393395466953,-0.11064507199184462
2024-08-30 08:00:00,-0.26611167522470375,-0.18194079509896346,-0.40293372540123945,-0.09638132700888695,-0.04574525252856203,-0.15821941071650197,-0.28421421859044876
2024-08-30 09:00:00,0.2814325282563808,0.5239821473791471,0.1865045052286047,0.5042419381442597,0.5501920241360269,0.1344430039328344,0.35866165107752673
2024-08-30 10:00:00,0.0475325342733452,0.09899959124538599,-0.054180574339149086,-0.04361986808723128,0.03499746304117863,-0.14039598727218744,0.04021879076092017
2024-08-30 11:00:00,0.03167580892184837,0.06768013586125389,0.057430475488260226,0.0290820260588856,-0.07876152294369436,0.07736115546823773,0.08038908749172755
2024-08-30 12:00:00,0.06595906028493088,-0.09632783447505837,0.0021665420905760853,0.029073570875371258,-0.013132953663924645,0.06897946350605197,0.0
2024-08-30 13:00:00,-0.02901662673059189,-0.13814496990466998,-0.14634704199578408,-0.05815559693426445,0.016634783370306973,-0.09277652230189795,-0.10652946144793496
2024-08-30 14:00:00,-0.012664439852928464,-0.1187485866876793,-0.07813941771317502,0.014542070234749786,-0.25420102570983033,-0.08690735390299359,-0.080474805670921
2024-08-30 15:00:00,-0.00791608945594748,-0.053548224066260336,-0.0705950102357199,0.0058162360245019775,0.08772853845455236,-0.04765251874163848,0.020124773664227245
2024-08-30 16:00:00,-0.16902602798759875,-0.23019184090108208,-0.2480203168531217,-0.09310039512789237,0.0517237612075238,-0.18009319619089023,-0.183284877944308
2024-08-30 17:00:00,-0.0952028421195215,-0.15594187446709765,0.10015241420645937,-0.014554769623686478,0.06921537207985039,0.04415880532681022,-0.14121731653457495
2024-08-30 18:00:00,-0.002645817623947062,-0.0524720926103168,-0.13283250905170663,-0.08154588135541653,-0.1270776264646019,-0.09789175387179874,-0.06058280845244825
2024-08-30 19:00:00,0.04761400999911964,-0.060376964085419677,-0.05122029743468075,-0.02913965198735151,0.048220870049783135,0.02985520249074603,-0.02020242840059693
