datetime,DE40,FR40,NL25,IT40,SP35,UK100,EU50
2024-06-11 10:00:00,-0.148735907652377,-0.1453699921650857,-0.1490796231510252,-0.2496554021867132,-0.0504766511932962,-0.2517254240182537,-0.1593530604325053
2024-06-11 11:00:00,-0.5835541607990744,-1.0235503894026865,-0.4279460277768191,-0.7234465122749815,-0.5284321450893614,-0.5530980798362807,-0.8407952961296409
2024-06-11 12:00:00,0.1305774428048663,0.0038339883067926,0.1030911145381857,-0.0204960033511067,-0.1113709882350502,0.0465144754086833,0.0401985815314089
2024-06-11 13:00:00,-0.2776811610898015,-0.3430842512685985,-0.1487021401652095,-0.507883544818577,-0.4870320835406246,-0.1861878584852146,-0.2958373644566175
2024-06-11 14:00:00,0.0572327179632545,-0.0256505625292251,-0.0141219156070051,-0.1767487535388344,-0.0985884014427097,-0.1963624498796622,0.0302276141630665
2024-06-11 15:00:00,-0.0027246248874423,-0.019242240625861,-0.2229558329246359,-0.1534353585863546,0.0717102934996823,0.012283955940622,-0.0201507275094446
2024-06-11 16:00:00,0.1900007921188896,-0.0025659118610771,0.3478113153708876,0.168176359232177,0.3586749879453083,0.1301172466154424,0.1570680951182962
2024-06-11 17:00:00,-0.2112554143979883,-0.1900604142181047,-0.2661844327401602,-0.1770355861227655,-0.1349111890525038,-0.1559152971629945,-0.261917383884907
2024-06-12 09:00:00,0.7195936173871608,0.5384214222511187,0.6268457103920524,0.802992725784813,0.4522614050255465,0.7856903546621333,0.6815672211811603
2024-06-12 10:00:00,-0.1814464756926983,-0.1561000892756198,0.0432352979702124,-0.2493254840791378,-0.2986021409436792,0.0950385099315343,-0.160423552492871
2024-06-12 11:00:00,0.0319801400637199,0.0153649168035994,-0.0843261525893285,0.1320732758313552,-0.2100005686661089,-0.1645468933677081,0.0401300218074517
2024-06-12 12:00:00,0.0541802807872732,0.0614360700239979,0.0594681403457496,0.2197352343174392,0.2055370600798044,0.0182963645634153,0.0802117633445177
2024-06-12 13:00:00,0.1650687845552941,0.2198364893535886,0.0594327967657374,0.1374550562983966,0.1766028501383636,0.1182357416856947,0.2002483748171303
2024-06-12 14:00:00,0.4828151785010667,0.2550176069032644,0.5042951109581153,0.2918304202962661,0.2314300734758167,0.2226833646122483,0.4391399927084863
2024-06-12 15:00:00,0.2687176804688539,0.1781261603861292,0.2812126187737672,0.0873833124359849,-0.0489117153307036,0.0085081039741423,0.258588253018926
2024-06-12 16:00:00,-0.0542228033589187,-0.0343282162234498,-0.1716388711312839,-0.0145585837666929,0.0898013317158149,-0.1739522252608707,-0.0457015695514714
2024-06-12 17:00:00,0.0359728650359911,0.0127155282201647,0.099800942978444,-0.0349492511311816,-0.104924339621953,-0.0182642842430352,0.0397416796090015
2024-06-13 09:00:00,-0.5258453476132917,-0.3987647415480725,-0.0032178310748838,-0.5755033265940104,-0.1754159900229612,-0.2096692383780369,-0.2884856514544327
2024-06-13 10:00:00,-0.198785744248012,-0.3708871000881469,-0.2330315002594887,-0.425719961818057,-0.4824194604756358,-0.1648744579985807,-0.3552827034089048
2024-06-13 11:00:00,-0.3086840067193128,-0.2977032867265365,-0.1646303453002539,-0.0883067244080303,-0.1792661326574134,-0.0207812529398487,-0.2803253607771945
2024-06-13 12:00:00,-0.0841054351842279,-0.274104987757962,0.0053843627350382,-0.2211085806474807,-0.0717965317219467,-0.1076426368738288,-0.1203804166079221
2024-06-13 13:00:00,0.0412476329164249,0.1223462292898611,0.0323000896444112,0.1621940786120243,0.2510626643793652,0.1675298307488067,0.0682333607319951
2024-06-13 14:00:00,0.0135645823537335,0.0295981728506361,-0.0269160168073654,0.1325088533111725,-0.0716678940606955,0.0097740962093184,-0.0200638029605025
2024-06-13 15:00:00,-0.4486055912870049,-0.6881664290395947,-0.3883960907491235,-0.6791197578001733,-0.5571745964605219,-0.3242763226088311,-0.6037936469354898
2024-06-13 16:00:00,-0.3034721481054067,-0.0155480694793773,-0.1622779852842829,-0.4543302743209075,-0.3764986502814091,-0.0588494941215536,-0.2749253773385141
2024-06-13 17:00:00,-0.2161571400503585,-0.1854674504602944,0.1211924619471322,-0.0208358138627336,0.1166223061568594,0.0429145088276971,-0.1418008948229969
2024-06-14 09:00:00,-0.2852755939521642,-1.1686723465649749,0.0248695700468232,-1.2430892438160568,-0.4382635867852241,-0.006129516689525,-0.6324437190561215
2024-06-14 10:00:00,-0.2998667978305293,-0.3249468407700203,-0.1157501440890572,-0.468278801338573,-0.1634818354369156,-0.110395595388392,-0.3064729433782755
2024-06-14 11:00:00,-0.475020915861225,-0.7579150728160067,-0.3882531339027356,-0.5861645890943447,-0.5057580504515995,-0.2236175353433628,-0.6157781316450817
2024-06-14 12:00:00,-0.2522349060966462,-0.1727552222979042,-0.3483224194696986,-0.5344829778415431,-0.4165471113163881,-0.0799847456366457,-0.2680192928841449
2024-06-14 13:00:00,0.050497904855154,0.1262735518394552,0.2559175491373994,0.0306189625625788,0.4037561161595426,0.2815085297394047,0.0990446400840494
2024-06-14 14:00:00,0.0720956574186095,-0.0332144259947213,0.0489308616700863,0.0,0.136961307019721,0.1533281706592457,0.0206219583342325
2024-06-14 15:00:00,-0.0554535839997493,-0.2527908106332375,0.0738945731982644,-0.1286626917883546,-0.1095540347853108,-0.0527183686679972,-0.0618786373442565
2024-06-14 16:00:00,-0.2126721126757686,-0.2561025809545763,-0.2044301137127043,-0.1994477494543627,-0.0255798870398287,-0.0895623162036439,-0.2706529342434779
2024-06-14 17:00:00,0.1372058552723075,0.1601409582367474,-0.0457277248626707,0.2913665609818061,0.4276023892947326,0.0699390822317228,0.1033891037279554
2024-06-17 09:00:00,0.3225523202653206,0.3793101112053404,0.6480313151329994,0.7019178891257377,0.291615583236243,0.0625356381541403,0.6735419236430581
2024-06-17 10:00:00,-0.3053454408014603,-0.2034507533327446,-0.3902697811580126,-0.3442396624272488,-0.6096359257136685,-0.1557986219665531,-0.3495931832245604
2024-06-17 11:00:00,0.0887626545053101,0.0039932115409008,0.0380098069877127,-0.0152592547676087,-0.2284315972939063,-0.0958078021525293,0.0617817886944407
2024-06-17 12:00:00,-0.1192930227443983,0.0465756896631393,-0.0597361850686848,0.0457707807331688,-0.0182970898989082,0.0651101674711811,-0.0823842033703113
2024-06-17 13:00:00,0.2290278413044797,0.2922657977548925,0.2257239314098681,0.2589727850396577,0.2275604953791759,0.0969723827471876,0.3168075062832405
2024-06-17 14:00:00,-0.0969816614432905,-0.0836070517498607,-0.1117130717423864,-0.0608744635213338,-0.214752180935846,-0.1473369124428039,-0.1233121803706546
2024-06-17 15:00:00,0.0526588577436357,0.0265494950518105,-0.0401604251548629,-0.1279571213629267,0.0365861470636638,-0.0614545071638787,-0.0205668216758839
2024-06-17 16:00:00,0.1412105018362042,0.4410165079296776,0.1085046003895723,0.2739936260122538,0.144384563143932,0.0565395361612073,0.2978057017733593
2024-06-17 17:00:00,-0.0387438153113523,-0.0171804275705836,-0.0032534255863087,0.0516701631507429,-0.1681640360833743,0.0208869586276139,-0.02050987557695
2024-06-18 09:00:00,0.308427266685579,0.2020136022869632,0.4900724360717772,0.9947472725868765,0.3889066232097933,0.3899070635288089,0.4114431882772356
2024-06-18 10:00:00,-0.1325403199378545,0.0356071349909647,-0.1436355145403426,-0.1897190920483597,0.1866122239994171,-0.0281498799369487,-0.0715227217296711
2024-06-18 11:00:00,0.2263168738473559,0.2436343530981445,0.1835576130307761,0.2799351656488299,0.3223363530378376,0.0856489181064002,0.2552037399427344
2024-06-18 12:00:00,-0.0110279724633006,0.1222518144963721,0.0345143723428309,0.1261659249049843,0.0045325368163005,-0.030580478883968,0.1018994137247354
2024-06-18 13:00:00,-0.2208152288093148,-0.1288287282162202,-0.1478484014092503,-0.156228907078584,-0.0743595590826479,0.0,-0.1998206357721607
2024-06-18 14:00:00,0.1104685635988663,0.2299349968823829,0.0431900151400364,0.0901618466115409,0.1269219781640224,0.1124900772775208,0.1223865527572256
2024-06-18 15:00:00,-0.0883650860792827,-0.0617020597868554,0.0215880144182822,-0.0390601531316773,0.1629490511194571,0.0586402802217017,-0.0407788771070553
2024-06-18 16:00:00,0.1424501665385221,0.1574617496545071,0.0916971039423479,0.0150249414309912,0.0226108270647115,0.0232022812546779,0.1691237553281813
2024-06-18 17:00:00,0.1433494387445713,0.1179338134959389,0.267060236474242,0.1051114277808185,0.2411652969696689,0.1073930444188954,0.1688382097394939
2024-06-19 09:00:00,-0.1908102844384964,-0.2005703159850149,-0.1776017774927881,0.3296327582832864,-0.0541438072713095,-0.2246807793060468,-0.1851268443807147
2024-06-19 10:00:00,-0.2492629797759356,-0.4247519355308524,-0.3053503378684953,-0.2606196430527823,-0.3209521010940415,-0.1162015677298744,-0.3671974750121077
2024-06-19 11:00:00,0.0912658637776922,0.0131773139553931,0.1026067605264115,-0.0450031509800452,0.0724171986278461,0.1711973222217533,0.0612932903038429
2024-06-19 12:00:00,0.0304034540665478,-0.0329465412406841,-0.0107957551195761,-0.0840601079234328,0.1311226546230339,0.1928570282595071,0.0204227510155474
2024-06-19 13:00:00,0.0657503994956058,0.1290883644095303,-0.0053983146474786,0.2399845161915745,0.1327559698089295,0.0828874119542919,0.1122506368184017
2024-06-19 14:00:00,-0.0939423815510041,-0.1620457639735522,-0.0702046223474446,-0.1049223670809748,-0.0225651117253597,0.0,-0.1224614909652187
2024-06-19 15:00:00,-0.0248818803138259,-0.039563222544856,-0.0886361974733435,-0.2101755739083088,-0.1309781544090383,-0.0268089982351796,-0.10216592633657
2024-06-19 16:00:00,0.0298575135332774,-0.0620138693436934,0.0616212904834732,-0.0060115120473769,-0.037970564228662,0.003656195728746,0.0081771163444645
2024-06-19 17:00:00,-0.1244651616784003,-0.1188573983377301,-0.1871434140043738,-0.1744912369805215,-0.0642211400068217,-0.0621735148672282,-0.225114698865368
2024-06-20 09:00:00,0.5310763163905057,0.4943098638596905,0.5356152928443406,0.6393154410211702,0.2521248946481558,0.2508953158861866,0.5862843002612742
2024-06-20 10:00:00,0.011011214933531,0.032867275664477,0.1130192952727885,0.1942850921990884,0.072176764020778,-0.0206811394828246,0.1017894674724112
2024-06-20 11:00:00,0.1155446130705606,0.3320104096367764,0.0505482343080048,0.2981650165788762,0.1802143235464899,0.0,0.2438728193186727
2024-06-20 12:00:00,-0.1375682555396686,0.0131003222866605,-0.0505482343079975,-0.1549348540844244,-0.0630380770848034,-0.0219023399875479,-0.1198298154010442
2024-06-20 13:00:00,-0.0291887994185846,0.0222666100006591,0.1171898232740631,0.0208706023417031,0.0360266240645615,0.1617208419050876,0.0243838011489994
2024-06-20 14:00:00,-0.1543465385517063,-0.0589518380570071,-0.0687920572305968,0.1787124248858937,0.0270114530202352,0.0024298974584263,-0.060970654681236
2024-06-20 15:00:00,0.385420585032357,0.4158499519648239,0.2652336307471393,0.1635396278975374,0.3190827512991314,0.3008506145066182,0.4462572569423961
2024-06-20 16:00:00,0.2497291326532451,0.2411320029452523,-0.0085795485065265,0.0594027075400303,0.1318297166462972,0.1537149073251582,0.12136169292325
2024-06-20 17:00:00,0.0,-0.2737620502873049,0.0268086454124937,-0.0296969429180015,-0.1085002415434062,0.0060469363215617,-0.060662435637121
2024-06-21 09:00:00,-0.1327453240391492,0.0287150037867016,-0.2007030645011613,-0.7303436744406923,-0.2848121672094462,-0.2397385819506686,-0.2085548718467463
2024-06-21 10:00:00,-0.2968454132070535,-0.3464350108675456,-0.268950395568209,-0.1047716075006049,-0.4508858512935212,-0.0594180684782551,-0.4062073990725124
2024-06-21 11:00:00,-0.0357908825171776,-0.1179307228244925,-0.2372761820302486,-0.2999537321020922,-0.4302328531535933,-0.6730344091616062,-0.1018101938850392
2024-06-21 12:00:00,0.0027535996433165,0.0262188488805468,0.1187084659818242,0.0600627673957018,0.1043315842808906,0.3960932157362883,0.0407365167764814
2024-06-21 13:00:00,-0.0743738172348371,-0.1009803043088422,-0.2235047979780189,-0.0450436931431972,-0.0553275450044773,-0.0182467323649848,-0.110026702760141
2024-06-21 14:00:00,0.1101637144043178,0.131123484642555,0.0723968241852741,-0.0300404045697576,-0.0045364023615255,0.0899849275175291,0.0611408908931608
2024-06-21 15:00:00,-0.1873505876473582,-0.1311234846425656,-0.1708108523411024,-0.2105358914130252,-0.2953084482559124,0.1154026160473051,-0.2039485125275185
2024-06-21 16:00:00,0.4243416285791969,0.3823996278483311,0.3575039044999555,0.540485048676328,0.6783622045088399,0.2824775017517862,0.4928425754753052
2024-06-21 17:00:00,-0.1099028020436629,-0.2617596971401291,-0.2158615870789319,-0.2698773696728152,-0.2044749959215512,-0.3213350891845408,-0.1830049922083001
2024-06-24 09:00:00,0.3671521328077564,0.520228609391519,0.0345691819188901,0.7985208563495898,0.328223414049443,0.3407034389406424,0.4973973082059509
2024-06-24 10:00:00,0.0657145384202335,0.0847054581411183,0.1403145434153079,0.3330709516021192,0.1758745701349515,0.2176358362025305,0.0607361236632285
2024-06-24 11:00:00,-0.1205096608336719,-0.071669178155513,0.0593046280381292,0.0445235982421926,0.0540530814407451,-0.1002954570483026,-0.0607361236632322
2024-06-24 12:00:00,0.1752388076588748,0.2447662923911999,0.0484958222271888,0.1571581393327723,0.1529919212714904,0.0640556943845347,0.2023104535959216
2024-06-24 13:00:00,-0.0120378426142778,0.0546000559564903,-0.0129299198525105,-0.1719971362438133,-0.0575694897612813,0.0543547202337322,-0.0485171942320737
2024-06-24 14:00:00,-0.0629486824827142,-0.0780092090422021,-0.1919903947408885,-0.1485112027617808,-0.1846256901903943,-0.0265697275750696,-0.1213960695366818
2024-06-24 15:00:00,0.418002559307813,0.3829606856108712,0.2210803637551075,0.4448735742286328,0.5438924546750423,0.235258742196753,0.363746990942229
2024-06-24 16:00:00,0.0,0.010364976752865,-0.1530865561266892,0.0798674833912161,0.1505079927915009,-0.003615176511375,-0.0686064839856419
2024-06-24 17:00:00,-0.0932843521785722,-0.1815423816416271,-0.0766312509505763,0.0,-0.0367102268964644,-0.2352672573820783,-0.1413970259416088
2024-06-25 09:00:00,-1.3063535884267332,-0.6092737527966378,-0.5163606504258096,-0.2131218708912843,-0.1909312734638561,0.0953801090099188,-0.638772488423636
2024-06-25 10:00:00,0.2054874696314013,-0.0587801183383035,0.2655497081355525,0.1036576429259125,0.0538203489785867,-0.1715079833416795,0.2235273532355929
2024-06-25 11:00:00,0.0799816912154153,0.0195972120326984,0.0595164039362051,-0.1866611901640246,-0.3143611631654615,-0.0846545540282252,0.0202959145020993
2024-06-25 12:00:00,0.0027568487015695,-0.0914865317227843,0.0486689063969829,-0.0296608286443893,-0.0719929478009113,0.0060491310441621,-0.0405959490818614
2024-06-25 13:00:00,-0.015990780522024,-0.0981142520967102,-0.021627700843439,-0.050443608084268,-0.0657388211399611,-0.0822995507874751,-0.079209533657153
2024-06-25 14:00:00,0.0661521523572813,0.0065439458708087,0.0810797707158413,0.1838481102596113,0.251914230515013,0.03389625357797,0.0609359784861487
2024-06-25 15:00:00,-0.0937284699905961,-0.0327240125177138,-0.0432343633449041,-0.356141586421536,-0.4909190026238408,-0.1962732947324986,-0.0812562256502642
2024-06-25 16:00:00,0.141661430878808,0.1635130815021632,0.0,0.1426088748307716,0.1587989362143437,0.0569831672598466,0.0934389667820855
2024-06-25 17:00:00,0.1211073764784774,0.2323821511033693,0.1976445311037527,0.0148434021350098,0.1342409059688486,-0.1358432190267124,0.2635955944540407
2024-06-26 09:00:00,0.9984810261897006,0.3995294257203916,0.7203015543637097,0.3171218685622354,0.5074033238871315,0.7267922067105304,0.7364026378436885
2024-06-26 10:00:00,-0.2410428172589113,-0.2145323693897293,-0.325105838355809,-0.2429378888989905,-0.2017548870145548,-0.0783505443255361,-0.2838308986119802
2024-06-26 11:00:00,-0.265162957125739,-0.4069234678769852,-0.1290475396587474,-0.1632774594595511,-0.269641271057632,-0.2209171976444098,-0.3028347626506059
2024-06-26 12:00:00,-0.3317589265858351,-0.3534867915791628,-0.3503423460194285,-0.1873550777032908,-0.3064749692409269,-0.3171377969735593,-0.405211568086835
2024-06-26 13:00:00,-0.3482953298805943,-0.2797461783253323,-0.1372372311935893,-0.1996365491261713,-0.1798147218695616,-0.2245405450002651,-0.2174642904824877
2024-06-26 14:00:00,-0.4502309856309183,-0.5473034307428939,-0.3933024556208216,-0.4483977320845173,-0.6077943144734687,-0.2883932906163647,-0.4690535774203941
2024-06-26 15:00:00,0.433693950904048,0.442031952220841,0.2114704485553215,0.3857429578297069,0.2726035309238401,0.1668097720885152,0.3978176307861409
2024-06-26 16:00:00,0.1602939616056592,0.2931685977475799,0.0270792828894283,0.1997615452597058,0.1713594478857899,0.162888263086454,0.1790110122248632
2024-06-26 17:00:00,0.0412712656051227,0.0393742130244417,0.1493458282196455,-0.1400894416884562,-0.0806564938215228,-0.0826265569864765,0.0609533116518984
2024-06-27 09:00:00,0.2214730782422472,-0.118169179476598,0.2041776081621043,0.1341321850034064,-0.3460195352273424,-0.0656638762847448,0.1319381908823783
2024-06-27 10:00:00,-0.1785690231509666,-0.1748838388934528,0.0712020225563008,-0.2774050995944098,-0.027296549885608,-0.0364985708778326,-0.1624102025756501
2024-06-27 11:00:00,-0.1871525839382334,-0.3163558475192579,-0.1273363145252805,-0.2452337677619186,-0.223201160384351,-0.1644086228149975,-0.2033843851102377
2024-06-27 12:00:00,0.1926517728092513,-0.0462189598397643,-0.0075589462864912,-0.1288389691330204,0.0410334975871389,-0.0426686178793842,0.0407099826498566
2024-06-27 13:00:00,0.0862976442632802,-0.0620990830613218,0.0485832591648421,-0.0359847068880413,-0.3808902079764578,-0.0292690067700764,-0.0223884395175263
2024-06-27 14:00:00,-0.0742004931276227,-0.109758608224592,-0.0356254153319147,-0.1891324490537875,0.146316508655263,0.2193090210836993,-0.0814547869176011
2024-06-27 15:00:00,0.1812818769665394,0.1758201535604996,0.0787907283571347,0.1591352985581333,0.2555398754865459,-0.0706137336523817,0.1831800561064089
2024-06-27 16:00:00,-0.0763180688491454,-0.2247875382910384,-0.1111884867156458,-0.3847603754711832,-0.0410248935687948,-0.1340597132028545,-0.175031591068985
2024-06-27 17:00:00,0.1054024329160185,-0.2823606147189694,-0.0378106554930555,-0.0301218430820978,0.0036473388108234,-0.2380938970081062,-0.0815145446697093
2024-06-28 09:00:00,0.0636268417026911,-0.5724647526621436,0.1889104748601024,0.0150620556978359,0.0054707587956225,0.3782429654110326,-0.1060683424277797
2024-06-28 10:00:00,0.3830981967723737,0.1000847467663891,0.1422567326874299,0.2406848642973322,0.0820254871822779,0.0401804472741011,0.2038778255183103
2024-06-28 11:00:00,0.1637367261527332,0.0360060013891794,0.0893457902756882,0.060080810494975,0.0455406594871597,0.1459747722898929,0.0610823816686893
2024-06-28 12:00:00,-0.0081804721268713,0.2064506550520453,-0.0667326842692174,0.0990544880631733,0.1546832941133692,0.0182318730108072,0.0813851801824061
2024-06-28 13:00:00,-0.3376185280442537,-0.3759252577503988,-0.2889707972488606,-0.5807147356019564,-0.4209343290250929,-0.2969853325144634,-0.3402230008612205
2024-06-28 14:00:00,-0.3014312032823815,-0.1737759263117806,-0.1480433161931385,-0.18122239431197,-0.1873472640094909,-0.1341758148165337,-0.2656478256727854
2024-06-28 15:00:00,0.1563095905663798,0.0227417144219603,0.0162198109125585,0.1148123096132861,0.0548696858759447,-0.1099142779376071,0.1839851695482321
2024-06-28 16:00:00,0.0673845243798719,0.0534895240150755,-0.0822074920011193,0.0603746263792326,-0.0256021068274686,-0.1259392112461917,0.0020423793720538
2024-06-28 17:00:00,-0.0164310635101603,0.2110043517918309,0.1524629545507094,0.1809054810226963,0.1754258179580633,-0.0942524443821985,0.0816609889611441
2024-07-01 09:00:00,0.3029924163518925,1.7338378783204065,0.0,1.4266729196056172,1.031685988879261,0.3410907196483344,1.0050743991695452
2024-07-01 10:00:00,0.0327600330530115,-0.483664166059717,-0.0497141446977868,-0.2080949663640871,-0.339389877099882,0.1073432647595487,-0.2224785012478146
2024-07-01 11:00:00,-0.1420377184987086,-0.068532872100872,-0.0756994120780852,0.0535515074158959,0.0724998898945556,-0.1378595393254747,-0.0607619567840758
2024-07-01 12:00:00,0.0027333980239324,0.1014646574988344,-0.0097369403364774,0.1693908280216842,0.1222245008543883,-0.0635036963394013,0.040512073151709
2024-07-01 13:00:00,0.1611383816968901,0.1250419711588715,0.1934790613990704,0.1483525721963562,0.1509898255725301,0.1001221084859984,0.1254832280261741
2024-07-01 14:00:00,0.0441993781085787,0.0696923701916308,0.0356284923739752,0.0977922733143131,0.0903040598857427,-0.0976789127859001,0.1212856425209229
2024-07-01 15:00:00,0.1444665484162864,0.042054908559005,-0.0626282279405884,0.0059237319528562,0.0766943856702704,0.2866607231466574,-0.0606244335027395
2024-07-01 16:00:00,-0.2962447848235099,-0.4609395507693059,-0.3343200140731877,-0.2223804510115779,-0.1814546658217225,-0.3942178426738903,-0.3523483385304994
2024-07-01 17:00:00,0.0447930785796544,-0.0818741297089628,0.0476737391741055,-0.0059369202243838,-0.3330711669290693,-0.2142363907100491,0.0608383543739274
2024-07-02 09:00:00,-0.780185268680281,-0.7598649450091297,-0.4908251790909755,-0.461186809273453,-1.000427463061906,-0.476635957145011,-0.7631527621008264
2024-07-02 10:00:00,-0.046795989611926,0.2565859541027618,0.1577175877449017,-0.1104049287093154,-0.0228953454762978,0.3993983618920942,0.0408488394397567
2024-07-02 11:00:00,-0.3281865278415682,-0.3631361359953977,-0.0924249656677738,-0.4128590328354495,-0.3854276589341551,-0.1288620434200582,-0.3272588877253735
2024-07-02 12:00:00,-0.0138129560221763,-0.0866556957018614,0.008702462802458,-0.1049821626759457,-0.1794547818534728,-0.0921460887757616,-0.061480451153704
2024-07-02 13:00:00,-0.1271687977552736,-0.1494908248123649,-0.0816153351540821,-0.0360192706990374,-0.0368510760077989,-0.2190338778384082,-0.0820327766926923
2024-07-02 14:00:00,-0.0741642717190912,0.3560074961491513,0.1707719413664907,0.3296920368617949,0.2374511027881911,0.2116585213594838,0.1844792061747974
2024-07-02 15:00:00,0.3228216506861852,0.1768652761293516,0.3200905496067006,0.2390951392309659,0.3615346202564729,-0.1205412200077636,0.3271250693730675
2024-07-02 16:00:00,0.1450406561051409,0.0995982951427636,-0.0238358362089835,-0.0836182874123726,-0.0549717367503871,-0.1046688557973528,0.1040466059406819
2024-07-02 17:00:00,0.0165312026826458,-0.0371717605108521,0.0021671289876018,-0.0059754111847648,-0.097190648008503,-0.0455959834141892,-0.0407896889323321
2024-07-03 09:00:00,0.5182426560313343,0.8633223236943398,0.8448429359744116,1.0905525132477274,0.6674249468399769,0.5065480801154743,0.8065788691669853
2024-07-03 10:00:00,0.2108140115079779,0.2222237747102673,0.1470896384498412,0.0738574289829631,0.2230040928368086,0.0698790630314691,0.2183009780886282
2024-07-03 11:00:00,0.2703951872927368,0.4089663584466465,0.1747230869889381,0.0974083553022697,0.127207984007092,0.0979935892621524,0.3426593693834479
2024-07-03 12:00:00,-0.0081830605237499,0.1241935748929115,0.0021419468155424,0.0648862301746685,0.2358149402168283,0.00612141208925,0.0402357822234646
2024-07-03 13:00:00,0.1139570194613856,0.0653031394834164,0.0053546663252451,0.0530574359177129,0.0679203275419082,-0.0269370165209972,0.0583131432226501
2024-07-03 14:00:00,-0.0108993607632804,-0.1267269987021914,-0.139314594836713,0.0147331820993058,-0.0769798577208652,-0.0612474907675813,-0.1206855082518601
2024-07-03 15:00:00,-0.0490618297910505,-0.1609263422558612,-0.1395089511983185,-0.244852325999331,0.0181182396814041,0.1408131886861732,-0.1309072054988637
2024-07-03 16:00:00,0.1345898890236111,0.0039281154870804,-0.0698275288480215,-0.0797801655648049,0.028076785664219,-0.0244750111359342,0.0282098817055721
2024-07-03 17:00:00,0.0898074099761686,0.0196382632551216,0.1932492227281315,0.0502393769063305,-0.4610938252005288,0.1015321656689673,0.0402860313636724
2024-07-04 09:00:00,0.3633040187913208,0.4857991924288183,0.2431774946991085,0.6566959226244442,0.3006783419772035,0.5097696348646497,0.3337491537404011
2024-07-04 10:00:00,-0.0704939485738564,0.162710664806831,0.1101457135819902,0.0733525060764038,-0.0226783082954064,0.109419842653711,0.0802552158804234
2024-07-04 11:00:00,-0.0271262947687463,0.0065029230662014,0.0694470440800608,-0.1673222958329641,0.0453514747002095,-0.0510476942389799,0.0200537441012242
2024-07-04 12:00:00,0.0244139963940703,0.0611068153111463,0.0288330621107456,-0.0146907595386855,0.1178176681509506,0.1542788379166478,0.0
2024-07-04 13:00:00,-0.0515476515181242,-0.0259983362529295,0.0320269883490553,0.0146907595386881,0.1285347220663941,0.1613128544981021,-0.0360996353846178
2024-07-04 14:00:00,0.1724446896286513,0.0844698915080138,0.0458874697911226,0.146789017182891,0.1084922398858699,0.0617878515668663,0.1102635410078926
2024-07-04 15:00:00,-0.1138452153470244,-0.1130758703526224,-0.1740570128960697,-0.0381444211074301,-0.0768365092559957,-0.1478698530148812,-0.1403565285658345
2024-07-04 16:00:00,0.0330826826022308,0.0195049640751855,0.0106870718593582,0.0293431537192564,-0.0551779049109944,-0.1140818357401523,0.0220690762980886
2024-07-04 17:00:00,0.0650487617596464,0.3115631293156555,0.0694381414206272,0.0674565957067096,0.177184797618506,0.2607405291302254,0.1603560246601473
2024-07-05 09:00:00,0.8041839088501288,0.1838854730686395,0.2506440728331779,0.4884335995031973,0.0785478618036942,0.0907962896431465,0.433675423634381
2024-07-05 10:00:00,0.0429952658087679,-0.0388208809451087,-0.0959171349554758,-0.0145891690268049,-0.2439708806657851,-0.0387296674089891,-0.0997585924993016
2024-07-05 11:00:00,0.0671431167275274,0.0776266971303467,0.0426411963052437,0.0670925610768854,0.0452247224126404,-0.0278462164239587,0.0798148338324565
2024-07-05 12:00:00,-0.1639084736816202,-0.1812227852838233,-0.1194412000801162,-0.3446919445347552,-0.2671219890274296,-0.159963194109298,-0.1596934226311983
2024-07-05 13:00:00,-0.0220540971758358,-0.0349879165673397,0.0106701949545786,-0.0204852068259056,-0.075285157414231,-0.0594454605421076,-0.0299709284239946
2024-07-05 14:00:00,0.0376504003458051,0.1191679113072465,-0.0565650112469992,0.0292632967191817,0.0272180439165024,0.0157746889376594,0.0399592421052966
2024-07-05 15:00:00,-0.6257572637207707,-0.6754325049416298,-0.3368500781741568,-0.6752319233197518,-0.3453104861522815,-0.4901761917345327,-0.6010717140860147
2024-07-05 16:00:00,-0.0665820431722226,0.0169415322066175,-0.096451658408108,0.0647849603765372,0.1918854005646074,-0.1049151625434504,-0.0281384413160281
2024-07-05 17:00:00,-0.0124552221387378,-0.0716953370083948,0.0696688613740881,0.0235477652787168,0.051773234394885,0.04271131487644,0.0401953499392508
2024-07-08 09:00:00,0.4921527662926285,0.5293322889597398,0.3476180988736633,0.7681407515815735,0.4954832483407925,0.151173451527222,0.6349482028453532
2024-07-08 10:00:00,0.156160845063356,0.1555351369242548,-0.0501962470155767,0.3003705854042113,0.0361366330011428,0.0791529458821001,0.0698581907195975
2024-07-08 11:00:00,-0.0699729825198029,-0.0932920497324912,0.1227760345970686,-0.189449196855017,-0.2124899640780199,0.190926782267773,-0.0498937273978859
2024-07-08 12:00:00,-0.2803825821398183,-0.4586538193824044,-0.263887632368944,-0.3887643375257058,0.0497721801892349,-0.1300825052285683,-0.3800080574470942
2024-07-08 13:00:00,0.1402895590281736,0.1405481608734946,0.2158627865928429,0.1609505205231028,0.2845826012562452,0.0535123577665612,0.1801838362122647
2024-07-08 14:00:00,0.0673769116736247,-0.0065025002136171,-0.034165038821365,0.0380050288150467,-0.0315803248179647,0.0364692871865273,0.0
2024-07-08 15:00:00,-0.1267061692093107,-0.1275344385662997,-0.1314306358419397,-0.2868560516356571,-0.1761303277473615,-0.1033642099241172,-0.1601473697764298
2024-07-08 16:00:00,-0.2982576842928954,-0.5248601979993192,-0.2837519236807089,-0.3229645050980863,-0.3604521322987324,-0.2192422407775041,-0.413563858605747
2024-07-08 17:00:00,-0.0243537464030376,-0.1375452970046187,0.0728886443897694,0.0235235309904496,-0.0707938928994188,-0.0768484841948238,0.0
2024-07-09 09:00:00,-0.3127958726446485,-0.4967354524487571,0.2269006571071289,0.0529077213523353,-0.3829731915106849,0.2279335226210664,-0.4092211369270159
2024-07-09 10:00:00,0.222364530670247,0.079011829547049,0.0374105491421828,0.2142836995718644,-0.0501406227030224,-0.0487121729171984,0.121126491038288
2024-07-09 11:00:00,-0.1382417498748515,-0.2662555779652636,0.0747791379696039,-0.1555301543086337,-0.1414408032380286,-0.1304218172109539,-0.1615346136206325
2024-07-09 12:00:00,-0.2036444909281114,-0.1690840803352511,-0.1549617447789982,0.0528486924909242,-0.0685109849902445,-0.2197856754238249,-0.1617959701728346
2024-07-09 13:00:00,-0.0543753105993263,0.0105761349613456,-0.1305678817313114,-0.0587224938700264,-0.034730156177805,-0.0758159420984252,0.0060720755384928
2024-07-09 14:00:00,-0.4442646834569455,-0.401354279768946,-0.0407035289151892,-0.3530609607720716,-0.2837764282946749,-0.2719423492526159,-0.3040563427377385
2024-07-09 15:00:00,-0.1093242775959888,-0.1593985699399656,-0.1179194853846899,-0.2065293489362752,-0.0917128352189879,-0.1165980506806141,-0.2032190587201023
2024-07-09 16:00:00,-0.3149746926954129,-0.4383254751348943,-0.085847047305089,-0.1921599361475814,-0.1239459020119743,0.0368351263926142,-0.3607132575595599
2024-07-09 17:00:00,0.2027931328800246,0.2200690437560686,0.0697563385819369,0.1567120368028969,0.2147420251106367,0.0674958454320852,0.2446933379719528
2024-07-10 09:00:00,0.1154630277256704,0.1530955548536567,-0.0697563385819245,0.345082188776431,0.2773799913697489,0.1189272170823911,-0.0488907911712741
2024-07-10 10:00:00,0.144824200566557,0.2816154889871359,0.1823369662350482,0.1265264255893363,0.1461614613258835,0.0551244294799469,0.2442152749274324
2024-07-10 11:00:00,0.3216874448172456,0.430187894145374,0.3134849114907111,0.4313386969335161,0.3826605008305436,0.229969520311548,0.4461848520120317
2024-07-10 12:00:00,-0.0871350594007111,-0.0753146403651394,-0.1689243770344966,-0.0058560866717515,0.0363676041394128,0.0854920117044871,-0.1012309772227873
2024-07-10 13:00:00,0.0092617058494077,-0.1097702209743515,0.0695287582897568,-0.0585797360160856,-0.0236374381754163,-0.0317456443979268,-0.0263368484418579
2024-07-10 14:00:00,-0.0081720488734023,-0.0132334648050651,0.0267289631288366,0.0937111130882382,0.0499956832324716,-0.0488591400739433,0.0202597298044992
2024-07-10 15:00:00,0.1361137031620779,0.0661498185156556,0.1175226366313748,0.1316328511604182,0.1634476922759406,-0.0977899549863761,0.1619302434639545
2024-07-10 16:00:00,0.0304640879721775,0.1097121817857011,0.1152516454888101,0.0730545603923621,0.151404600977927,0.0709072489579315,0.10915486923987
2024-07-10 17:00:00,0.2010476888374346,0.1412588109077755,0.3268898886507236,0.218844007857769,0.3111547790647823,0.2441228661555674,0.2622925862649818
2024-07-11 09:00:00,0.1800561263515948,0.3857932959069697,0.1200524975398417,-0.0204051888187992,0.1416884625591634,0.0865204808943219,0.2756735117401844
2024-07-11 10:00:00,0.0216716421993207,0.1510147821845022,0.0605028120419361,0.0495482376793722,0.1081617122889418,0.1886230472418592,0.120494040083151
2024-07-11 11:00:00,-0.0704500159199681,-0.0630045305346467,-0.0796165708207898,0.0728204861634033,0.1260409799991474,-0.0401286554381585,-0.0401485501729374
2024-07-11 12:00:00,-0.0108428705521659,-0.1734674198042533,0.0053097439123019,-0.087390948947066,-0.1530704422774162,-0.0425782990927927,-0.100441953000355
2024-07-11 13:00:00,0.0623304564069976,-0.0697345510315835,-0.0849897532275013,-0.0437241305864129,0.106273763987496,-0.140027906693726,-0.020100502580241
2024-07-11 14:00:00,-0.0569088741711147,0.0855167566275791,0.0,-0.1604855761566865,-0.0585266605637555,-0.148766001487861,0.0401969656703766
2024-07-11 15:00:00,0.3463712987591636,0.2626707227291046,-0.0797435489858195,0.2479147276887823,0.4179386906015319,0.2194132796339228,0.1405622721392636
2024-07-11 16:00:00,0.2298901209974831,0.1677478933428964,-0.2737378620556244,0.1106339729993817,0.352762475228235,0.1046610780702349,-0.0220752767831845
2024-07-11 17:00:00,-0.1564405251786246,-0.1310289892519116,-0.3472429753505767,-0.2563917203202494,-0.1439988084953391,0.0121627867526964,-0.2612594182851647
2024-07-12 09:00:00,0.153206302793207,0.5908900125952042,0.2351885798982052,0.5672577463765768,0.1904634738474742,0.3375346202580161,0.4537522592436239
2024-07-12 10:00:00,0.2879744481936064,0.2343415427138458,0.2101322899491082,-0.0435211519664627,0.1472931801761306,-0.0060607162573028,0.2400961537538267
2024-07-12 11:00:00,-0.1667626386372428,-0.2604134230351713,-0.1226124056096684,-0.0783858365001492,0.0267572848303961,-0.0994481920540153,-0.200040074708318
2024-07-12 12:00:00,0.2366126788201464,0.1602345237804544,0.2110132612928112,0.1799057431192476,0.0802289241547122,0.0752016531286306,0.2400001152000973
2024-07-12 13:00:00,-0.0134289113920471,0.0546554766680074,0.1723166371518707,-0.0289951725069511,0.0124742718305658,-0.0909769163352059,0.0958389978317313
2024-07-12 14:00:00,-0.0241765859003228,0.0,-0.0956948046955654,0.0289951725069411,-0.0891360988885105,0.015775263206577,-0.0798594516168452
2024-07-12 15:00:00,0.2307821314865716,0.1663850637327072,0.1753705816327634,0.0434770013514999,0.057947501186911,-0.0364082092396612,0.2393872831676312
2024-07-12 16:00:00,0.5661073292862189,0.3591226755305663,0.3815625356599436,0.246013264073732,0.1834274729385201,0.1649444899265663,0.5167148505251641
2024-07-12 17:00:00,-0.1013322611268249,-0.093221991602531,-0.0952542301395196,-0.0144546269512412,0.0480273231331346,-0.024239486241576,-0.1190051312648494
2024-07-15 09:00:00,-0.0955596853584989,-0.5142801688252221,0.3382702831298871,-0.4927046354915462,-0.5805389172773918,-0.2901174035539781,-0.2762405246401428
2024-07-15 10:00:00,-0.0454095009819696,0.1756200814326856,0.0,0.1828737810086559,0.0804598772140622,0.2003801820535968,0.0397938682901025
2024-07-15 11:00:00,0.0267139683585523,0.0129966338901221,-0.0105536441831353,0.0376942709171979,0.0893240019374179,-0.1031760092013739,0.0397780390694219
2024-07-15 12:00:00,-0.0801633236955787,-0.1131273323126685,0.0137195202604454,0.0724490714739364,0.0044641063536025,-0.0340107137025727,-0.0795719073595368
2024-07-15 13:00:00,-0.2301583219963663,-0.1992590309539051,-0.1351665499672598,-0.0057939945263013,-0.0071426658245023,-0.0814297652540272,-0.1852497915363639
2024-07-15 14:00:00,-0.2065224247549272,-0.2610694882981572,-0.1903876019326056,-0.2117108763272703,-0.1697884308376019,-0.2861371635150951,-0.2195565840761625
2024-07-15 15:00:00,-0.0510257529984114,-0.1373348111035113,-0.3871800660552493,-0.1743451603193884,-0.09843048918265,-0.2808441818576045,-0.2000160679628065
2024-07-15 16:00:00,-0.0655660198044631,-0.2057007322147324,-0.1776492268217795,-0.1018418920042428,-0.2106084672312907,0.0696740626771567,-0.1903865420715419
2024-07-15 17:00:00,0.0134391622766027,0.1926113843073498,-0.1971662003224283,0.0960251485064483,-0.0502530611099766,0.0097749321941947,0.0
2024-07-16 09:00:00,-0.6509130069375734,-0.9099698542397324,-0.5273275278466448,-1.0055477077413857,-0.9460450146236522,-0.3954243716617721,-0.9067889483214684
2024-07-16 10:00:00,0.1945851896881642,0.3165352611929615,0.1553851989462436,0.5800089493279149,0.2759895518559842,0.0698944866991819,0.3233567215956305
2024-07-16 11:00:00,-0.1069749953439155,-0.2610692129153527,0.1070217035121363,0.0875874105306113,0.0316222677607783,0.0980152002017209,-0.1211362729139258
2024-07-16 12:00:00,0.0270246899210443,-0.0528241101516393,0.0299455634677356,-0.0875874105306042,-0.1898837758809108,-0.12498623102638,0.0
2024-07-16 13:00:00,-0.1373611732683559,-0.0224586992072797,-0.0352939292758372,-0.0292128597084984,-0.027155711012875,-0.1644353734689083,-0.0363695146658347
2024-07-16 14:00:00,0.0459883305955356,0.035667342962946,0.1015700680168817,0.2101423611700393,0.2170394868937789,-0.0085973434261727,0.0808031880419176
2024-07-16 15:00:00,-0.0216389328522765,-0.0554880318628348,-0.3103797684044259,-0.0641633270281295,-0.198934860206991,-0.1782542622971218,-0.1616717204396734
2024-07-16 16:00:00,0.2280551995476187,0.2244047617875655,0.080363030903744,0.3407604870095943,0.4055884552082338,0.4934159974328584,0.1313781757623156
2024-07-16 17:00:00,0.0809371486321842,-0.0923409822098518,0.0139230271027851,-0.0203547543593104,-0.0459863401625368,0.0036730720967082,-0.0141401286987237
2024-07-17 09:00:00,-0.2576075261252714,-0.1201708948123566,-1.033411782408574,-0.1600745415881407,-0.475528406160888,-0.2402580250829042,-0.750267125494869
2024-07-17 10:00:00,0.0081109798378436,-0.0819574660213064,0.0129837811116828,0.0203873599075258,0.1946432985049581,0.0184075054054833,-0.040715784035944
2024-07-17 11:00:00,-0.1813021232709932,-0.0634971050781244,-0.2979691558453471,0.1018744994383393,0.2303659318482742,0.0821788478656551,-0.1834264566786517
2024-07-17 12:00:00,-0.0758655482178859,0.0595297170075367,0.1409688041815914,0.0087272727328139,-0.0135362568846779,0.0245179165902865,0.0203973402575642
2024-07-17 13:00:00,-0.27413711529824,-0.3643473938808867,-0.1485650733319106,-0.4665207533967421,-0.1616742210871986,-0.0527209541217216,-0.3125353635312001
2024-07-17 14:00:00,0.125490638624873,0.0597113966986831,-0.1009766590866763,0.1460216663531084,0.1941581598699211,0.2205072558313975,0.0818029412871196
2024-07-17 15:00:00,0.3630889274639158,0.5331652539234,0.0108625989961195,0.486172718892726,0.3782016538446845,0.3664350014491802,0.2246136570090018
2024-07-17 16:00:00,-0.1385769025726452,0.1147280609546546,-0.3917988556428968,-0.0784427698561494,-0.0953160337969225,-0.1024665243718605,-0.0959095666781589
2024-07-17 17:00:00,-0.1138199166790581,-0.1450804791536728,-0.0523560221383724,-0.0814131032828491,-0.009896491701772,-0.0122053923574884,-0.1225715664887237
2024-07-18 09:00:00,-0.1872715631352438,-0.1069667118611125,0.0959651109634681,0.1250000162760564,0.2551961631900698,0.6302874184431233,-0.2742868219807343
2024-07-18 10:00:00,0.3714865615638015,0.5442064807662139,0.4296216698209857,0.5273463868917824,0.3046624638103667,0.1030471744122863,0.5315138133942479
2024-07-18 11:00:00,-0.00541324730011,0.0814417867629955,-0.0488511839843143,-0.0635976027795636,-0.0402697181639823,-0.0812165556700993,0.0
2024-07-18 12:00:00,0.0595296096202351,0.0170680951763666,0.0759804224159428,0.0491471533454437,0.1118203119560668,-0.0485189597349607,0.040768902046623
2024-07-18 13:00:00,0.030833227644732,-0.0564671290964048,0.0867641371509725,0.086671390867668,-0.0572363788575904,-0.0133468419750129,-0.0183439490960149
2024-07-18 14:00:00,0.0540704226340599,0.4521543977184509,0.2360509146694811,0.2249946863912651,0.2323192752891584,0.1576216437690578,0.264641971930958
2024-07-18 15:00:00,-0.0054057268283202,-0.0457776652229922,-0.1656104420814807,0.1065514859627787,-0.0089253837974238,-0.1673295569394008,-0.1220554283102704
2024-07-18 16:00:00,-0.5235755940384144,-0.4681331121181733,-0.5398636843160218,-0.481824359728366,-0.4499777236606214,-0.2053002172764095,-0.5490538046326157
2024-07-18 17:00:00,-0.3445810874341923,-0.2698097833785024,-0.2759434812905105,-0.072329594635779,-0.1848711364825112,-0.2861789778964742,-0.3690873389615319
2024-07-22 08:00:00,-0.478828116184911,-0.1727970460891392,-0.6409821817777073,-0.6853817469536463,0.1355457719320814,-0.0536735926617329,-0.3539608165369475
2024-07-22 09:00:00,0.0690138712404017,-0.1202105811168516,0.3073075711253711,0.1601491184672585,-0.4134948856288776,-0.1306447564684536,0.0803684627970496
2024-07-22 10:00:00,0.4959346880643257,0.687604795668786,0.2790500981834713,0.4209860179192332,0.4448865688844849,0.1623644522253283,0.5955943752851426
2024-07-22 11:00:00,0.2666116886035085,0.1456072142607778,0.12231749463673,0.0289682944045649,0.1702402590229658,0.2108021617133764,0.2249903794200964
2024-07-22 12:00:00,0.1221860039982784,0.1087390958651538,0.2648719427399462,0.0434367133925355,-0.0537287784255558,-0.0036517452303101,0.1429125822543447
2024-07-22 13:00:00,0.0021708455444316,-0.0157140051393961,-0.0293955941387588,-0.1448624784337691,0.0071655052607427,0.08760510129922,-0.0489755948080269
2024-07-22 14:00:00,0.0786613506840435,-0.0039288871432095,0.1088293337140766,0.1824923743824698,0.1745005923908826,0.1130431203587534,0.0816126708157329
2024-07-22 15:00:00,-0.1845449592070931,-0.1638409929579409,-0.2319491840899741,-0.124522198413749,-0.367252293819641,-0.3773084161189386,-0.122443997176173
2024-07-22 16:00:00,0.1303023741943952,0.1075099746935056,0.0926264007859721,0.4625555724166313,0.1837947396242268,0.1437884851404697,0.1204044919600735
2024-07-22 17:00:00,-0.0949953795120384,-0.0222791579399822,0.0108915851720767,-0.0577025736932033,0.00806130172546,-0.079179943594597,-0.020397340257564
2024-07-22 18:00:00,0.1242900296504581,0.1205103496556296,0.1447453877063686,0.1586020287478844,0.0805772958883472,0.0426431445424473,0.1630623463162519
2024-07-22 19:00:00,0.1165510774675789,0.1412836110579875,0.0619696585951625,0.1007977506649449,0.0492097373630811,0.0669739374656542,0.122122504034025
2024-07-23 08:00:00,0.3509999520346207,-0.3785129893281112,-0.1544519439501594,-0.0777493056126788,-0.1145619028008402,-0.4550869528729027,0.010170146560581
2024-07-23 09:00:00,-0.2156460350725653,-0.4748353248990857,-0.381713153789439,-0.433044832800821,-0.4640629471250133,-0.2473218279354478,-0.3443255951267464
2024-07-23 10:00:00,0.208087374463605,0.3711165379071547,0.2368337432590509,0.2889048190878817,0.363713507649447,0.3463238710636,0.3056735343889885
2024-07-23 11:00:00,0.3476464625590323,0.2571302547547971,0.2427991676798577,0.1931003280369641,0.2730371012245063,0.1769814753513112,0.3655791385992544
2024-07-23 12:00:00,0.2284106040376105,0.3113433437381347,0.1086873931810791,0.287517628811103,0.2767512970349989,0.2581966650944257,0.2429790411217801
2024-07-23 13:00:00,-0.049937042778114,-0.248473325425866,-0.2011646476487696,-0.2875176288111053,-0.1829271523290455,-0.3228501308813991,-0.1923096980297772
2024-07-23 14:00:00,-0.2689070019553252,-0.3751857370400464,-0.2539358678284225,-0.3750130601154653,-0.1787885765533007,-0.1893211267615058,-0.2840795709415032
2024-07-23 15:00:00,-0.2534336201420208,-0.3001107923001915,-0.1059061901249211,-0.1503998895198919,-0.0089478252370477,-0.3490447687446446,-0.2034092072727254
2024-07-23 16:00:00,-0.0053991890431218,0.0355864854193347,-0.1639936082055576,0.0347277492674021,0.199346602704545,0.1079052990553392,-0.0590661456145952
2024-07-23 17:00:00,0.11709697992103,-0.4411111513486533,-0.0656728203809618,0.023145134562081,0.0839105955111814,-0.0343208760095242,-0.1427173623419469
2024-07-23 18:00:00,-0.0593407796449693,0.0582218533641783,0.0788022105396461,-0.0434015226279997,0.0356852917937091,-0.039238287261738,-0.0408138282913836
2024-07-23 19:00:00,0.1105613121104127,0.0595100358092172,0.1093445994308892,0.1301480979637648,-0.0089201291693905,0.1348171593551271,0.1223915457843112
2024-07-24 08:00:00,-0.7357747973703723,-0.6738677239083096,-0.6050792346154934,-0.2662616434499068,-0.0874593994277766,-0.572384690929582,-0.6052569341133763
2024-07-24 09:00:00,-0.2070996204134557,-0.4669352240834563,-0.1155121993797279,-0.7943015284548436,-0.1063036363936192,0.216564826424762,-0.4069223420947921
2024-07-24 10:00:00,0.1766866555666963,0.215061027956254,0.1616797444161947,0.3557425495690297,0.1429031003075852,-0.0098336877637513,0.2468172132679293
2024-07-24 11:00:00,0.0217244901030274,0.3104206490862157,-0.0461675450364482,0.3051618271427076,0.0490758141935001,0.1756314893161387,0.1231805366292185
2024-07-24 12:00:00,0.0922764668227244,0.1475446058322617,0.0461675450364497,0.1594757934834686,-0.0178429641205316,0.0760521607256401,0.1025346656971614
2024-07-24 13:00:00,-0.0189911366223382,-0.0637763597344922,-0.060461820203594,-0.0347730338628931,-0.000892231783982,0.0931463936353499,-0.0820193201467974
2024-07-24 14:00:00,-0.2200173098552493,-0.2062226737514864,-0.2003346918698011,-0.2321297486407644,-0.2993465761985383,-0.1876069633742005,-0.2053430976778879
2024-07-24 15:00:00,0.0108764221029022,0.1583636972859541,-0.2294464510303037,0.0725984466779812,0.2368705604930676,0.0368134299548544,0.0205532947654983
2024-07-24 16:00:00,0.0755584703558042,0.0292498739022757,-0.0917051137384266,0.1305445342192143,0.1186710764790224,0.1189374247411426,-0.0164422978481422
2024-07-24 17:00:00,-0.1702229896581158,-0.2515624142947659,-0.231293297669044,-0.052197365218237,-0.1526029808308685,-0.2024006628046404,-0.2057571557786916
2024-07-24 18:00:00,0.0081642650165878,-0.1053382588587096,-0.1086378255126402,-0.0058013894343961,0.0624972119802116,-0.0159641421147606,-0.0618097926386904
2024-07-24 19:00:00,0.0054424730610996,-0.0413655990900011,-0.094322356396257,-0.0667401800642151,-0.0357079096813216,-0.0429930542131541,-0.0618480207732926
2024-07-25 08:00:00,-0.7478436802776058,-0.8161232087749403,-0.8977271555988147,-1.3207105146551732,-0.6754905951323247,-0.4136765191620596,-0.8595121622897858
2024-07-25 09:00:00,-0.3790567684531699,-0.4315175864085457,0.1287412088055658,-0.7173038991409941,-0.5860043274835913,-0.1049220895513496,-0.2707714470161607
2024-07-25 10:00:00,0.0907748104484994,-0.010811833562353,0.1095792490537163,0.0681138415886305,0.1039280369360066,-0.0284096174641288,0.0833924077848859
2024-07-25 11:00:00,-0.1293102442563215,-0.2598353132543188,-0.3447970458737623,-0.5134761370842165,-0.3664880559485828,-0.0679687864079581,-0.3548990176276588
2024-07-25 12:00:00,-0.1101831354998254,-0.1858169356753345,0.1400772334629905,0.0089267117028972,0.1449459424314994,0.1420639032251415,-0.0418357534445616
2024-07-25 13:00:00,0.1101831354998249,-0.1725625967469725,0.130934747184399,-0.1578226758413229,0.1772729381431801,-0.0209880430654948,-0.0167392032530194
2024-07-25 14:00:00,0.2815168569877399,0.3759938732511419,0.3694963542566693,0.4460244381503832,0.2752349128877912,0.4041704001035319,0.3342528389876026
2024-07-25 15:00:00,0.0384271234341735,0.1475675321433411,-0.1371459369454703,-0.0445130282143669,0.0720675303922208,0.3155448217450461,-0.0417205563229612
2024-07-25 16:00:00,0.4075154897446181,0.3443785351335607,0.3063676688763384,0.2371741821231878,0.3209698373927894,0.1996167532594431,0.354071142403769
2024-07-25 17:00:00,0.1283735792312894,0.2827180493498745,0.1978042161595368,0.1982014611686985,0.0843420028284164,0.4065716275769166,0.1869431198944699
2024-07-25 18:00:00,0.1336610500710187,0.316770284478297,0.2217861339164169,0.0974774106841468,0.0358686493918887,0.0730807209052121,0.2694134636856502
2024-07-25 19:00:00,0.0381560806343095,-0.0187634863107948,-0.0609421677707014,-0.103388187509705,-0.1255966002831232,0.0669437758162729,0.0
2024-07-26 08:00:00,-0.4785482271683447,-0.1421807544390024,-0.5757938609658555,-0.4146249887196611,-0.3029774095826962,-0.2229139294084236,-0.3213070622181627
2024-07-26 09:00:00,0.2816156197375191,0.2841596421902845,0.536993135459801,0.1838317568093125,0.0,0.594548698092223,0.4660757678320677
2024-07-26 10:00:00,0.1664089077214428,0.3807390928872277,0.2071322897618015,0.3400860885388675,0.2293403650275107,0.1598876282376544,0.2889101848623481
2024-07-26 11:00:00,-0.0518025951051678,-0.1641411982516812,-0.0719492180271961,-0.1477214243070815,-0.269866849639519,-0.2933228773627102,-0.082460629724142
2024-07-26 12:00:00,0.1280943821805308,0.0947810428786873,0.1272595657906521,0.0679789586975155,0.2294332208893446,0.0485425120572968,0.103065166916101
2024-07-26 13:00:00,0.17144400839081,0.0226807288156917,0.279402283353883,0.0443092199964898,0.0916261000844618,0.1842469429555031,0.1543988531242584
2024-07-26 14:00:00,-0.0462337204350844,0.0240092837049875,-0.0474323133248202,-0.201025890647265,0.02244457322088,0.1814904489751552,-0.1029060764229032
2024-07-26 15:00:00,-0.0054406668094679,0.0719932837366705,-0.1822168000022858,-0.0355171447949544,-0.0089772247867628,0.0592155766350065,-0.1030120821242185
2024-07-26 16:00:00,0.2266249893193592,0.2076899244802993,0.2153114841949574,0.1538166040627398,0.1731182794035659,0.0289907593985625,0.3066634767571966
2024-07-26 17:00:00,0.1394151841157286,0.1528290273876496,0.1961368297062483,0.1329198246208136,0.1826599005398208,0.3315872790804706,0.0883256191430502
2024-07-26 18:00:00,0.0948214042301289,0.0730096604295773,0.1539951025903144,0.1327433823239033,0.0134177158776265,0.2104390533633446,0.0820933858315886
2024-07-26 19:00:00,-0.1083746617763243,-0.1168410563643153,-0.1628019895816331,-0.073724568364364,0.0178874877500366,-0.1322242715962099,-0.1231653650515346
2024-07-29 08:00:00,0.3528695934654012,0.2202907134634721,0.2452019195346606,0.2298411278049011,0.2117234807800642,0.056517218211821,0.3567624550052375
2024-07-29 09:00:00,-0.4005916783077252,-0.6329808368383069,-0.159367838136583,-0.2741019724342232,0.0223075860101797,0.2101560130513853,-0.5726675406745536
2024-07-29 10:00:00,0.020610057781102,-0.0320213478386483,0.0,-0.271895901401307,-0.0178456706876581,0.167807396531836,-0.0823723275571067
2024-07-29 11:00:00,0.2897179309371222,0.2811704398225215,0.1780357200999746,0.360398009102911,0.2495500484027361,0.1232787512278961,0.3085469896154223
2024-07-29 12:00:00,-0.0676159978159625,-0.2678269654288612,-0.0933742783275988,-0.1091638746513556,-0.1781864657769475,-0.1436403493243544,-0.1438701306632191
2024-07-29 13:00:00,-0.120740592977723,-0.0787522481753906,0.0032970474942687,-0.1151937745528719,-0.1811845319627843,0.1005699045543845,-0.1090680960498851
2024-07-29 14:00:00,-0.0921424261791859,-0.1149026126471258,-0.0362735026043574,-0.0650396912847741,-0.1609312902648412,-0.1317191937638311,-0.1648567150627294
2024-07-29 15:00:00,-0.1899727553430954,-0.1592112024951738,-0.1815651409639514,-0.3406704127162608,-0.2732817441807098,-0.2039079043105815,-0.2271226612280648
2024-07-29 16:00:00,-0.4426773647675022,-0.3218714221372092,-0.3862329479427479,-0.3209941678189136,-0.3541353908238632,-0.3210970558971215,-0.4765663157441793
2024-07-29 17:00:00,0.1880914187883324,0.1530181101513076,0.1712300811092613,0.3180267207134402,0.2293424276745323,-0.0602453207608876,0.2551418665272709
2024-07-29 18:00:00,0.0598968702735445,0.1072414912828132,0.1191356190903543,0.0741597732068559,0.0089831117559504,-0.0819919259775847,0.0931821778870213
2024-07-29 19:00:00,-0.0435578018908761,-0.0348408713742253,-0.1522540509041347,-0.0593234181753453,-0.062898735113501,-0.1110373658227874,-0.093182177887034
2024-07-30 08:00:00,-0.1078872192919023,-0.1717014962800221,0.2646408495733093,-0.080142479801528,-0.0575420567381783,-0.1413888973372236,0.0517785958857687
2024-07-30 09:00:00,0.1612429124666783,0.328389912639199,0.0198198595640906,0.1987541443368745,0.3994135285172713,-0.2421543221270611,0.1985810387182074
2024-07-30 10:00:00,0.0353732837442243,-0.1205077538583699,-0.0088083415050899,-0.1364155547323693,-0.2646014361279724,0.0666509152819307,-0.0826941809750561
2024-07-30 11:00:00,-0.0108827546535972,0.1338885444154543,0.095749078714228,0.2075150822494537,0.1391151604066394,0.1634096073213946,0.082694180975049
2024-07-30 12:00:00,0.1169275916430808,-0.0227484093821246,0.0472904245705314,0.2661739094607115,0.1030895580906511,0.1124159265475932,0.1032716549152347
2024-07-30 13:00:00,0.0119569766383541,-0.0187378706296687,-0.0164941198836672,-0.0147688672547231,-0.0349488987933291,0.01449608004376,-0.0495570845798761
2024-07-30 14:00:00,0.1846080861361653,0.2072595028253907,0.1812858604635028,0.1180899096565267,0.2104048157577662,-0.0422861084355116,0.2475401969514332
2024-07-30 15:00:00,0.1138526219628263,0.0387299260291774,0.082294145850139,0.3622552114906421,0.2857986887347858,0.1545595361780543,0.0720839500263198
2024-07-30 16:00:00,-0.1952553583335834,-0.1255929084854886,-0.1591631648332919,-0.347503773198653,-0.1249364325393558,-0.0036197566320827,-0.1978403085331476
2024-07-30 17:00:00,-0.0190035102770036,-0.0989820976736099,-0.4238390694747099,-0.0590188139595287,0.0080363241896379,-0.344475740864866,-0.2271742576722121
2024-07-30 18:00:00,-0.1494390879204886,-0.1848503640681757,-0.2396851001947832,-0.2364241958308434,-0.1519064548528675,-0.0157412621184728,-0.2691457288172743
2024-07-30 19:00:00,0.2064387881796148,0.2062602019704464,0.366474641057692,0.1626016618418756,0.0670460005359008,0.1210229001990209,0.289819272956562
2024-07-31 08:00:00,0.3613270633028622,1.2326710032595418,2.931519566912455,0.5831864900678229,0.3265410988354039,1.0395829448104488,1.6889800527350685
2024-07-31 09:00:00,0.2538264326833393,-0.1097513515036235,-1.234869355806543,-0.2734974061011542,-0.2809754813253344,0.2892524487573931,-0.5237267812007441
2024-07-31 10:00:00,-0.167345082940864,0.1269304168725821,-0.1734756268161335,-0.0353445359554806,-0.6353210285137185,0.1228581977489523,-0.0817611393992449
2024-07-31 11:00:00,-0.1324550049439041,-0.0859248540918997,-0.1226987357436216,-0.0884160326383347,-0.165540608738549,0.0393304297450189,-0.122767187477526
2024-07-31 12:00:00,0.1081396837402964,0.2377651209277731,0.2008000110288012,0.162036390519108,-0.0270163180203021,0.0059578068139117,0.1636561132818038
2024-07-31 13:00:00,-0.072981457840815,-0.3158224242408353,-0.1106614848264285,-0.3686449851408462,-0.4567784355750416,-0.2099287490590329,-0.243535683721759
2024-07-31 14:00:00,0.0594703909053614,-0.0781182803391925,0.0108545811866457,-0.0679789586975143,0.3702771371672215,-0.0680828726214512,0.0409718529106142
2024-07-31 15:00:00,-0.333490642731548,-0.3861905359176621,-0.3751655942604309,-0.414784684751247,-0.5468668294700536,-0.2967609783595156,-0.492773664691962
2024-07-31 16:00:00,0.2329109491858339,0.0531731062962969,0.1926520723635394,0.0296846013311594,0.2209145307679781,0.0479242805554258,0.1850748024625351
2024-07-31 17:00:00,0.1297613114952326,-0.0039870023728012,0.0978165257486173,0.1719971362438201,-0.0370867880308697,0.2022269579150666,0.0616155619321064
2024-07-31 18:00:00,0.1161016965161176,0.1075933077155203,0.2278671544461296,0.2426646944908194,0.0813919882872429,0.1397640962170123,0.1436221753269598
2024-07-31 19:00:00,-0.0647843244598667,-0.0624165862455907,-0.0184270857001424,-0.0946283689556079,-0.0045200395963202,0.0632477123622724,-0.0307588203341662
2024-08-01 08:00:00,-0.605599567140194,-0.7052187200930218,-0.127999323242474,-0.5785851229442686,-0.188214910057806,0.0834734543275724,-0.4563402097839194
2024-08-01 09:00:00,-0.4689001982600147,-0.4182760281027972,-0.3239837580606837,-0.770693701646283,-0.8568596228103184,-0.2601899182265608,-0.5391850935657756
2024-08-01 10:00:00,-0.2158547453158209,-0.1626880178122618,-0.127489188860665,-0.4809508030904432,-0.1005383455645531,-0.3891591301561713,-0.2488801682871515
2024-08-01 11:00:00,0.3004301138266475,0.3827691608856922,0.1993345285355857,0.249781946955315,0.23747339585531,0.2755614807710844,0.3110035473118699
2024-08-01 12:00:00,0.1961575555688962,0.1219095742815214,0.1815602718783734,0.6441390837951626,0.4414777078978375,0.2091588397046787,0.2481083024391598
2024-08-01 13:00:00,-0.4008983298142535,-0.3755822579773104,-0.0945441575306409,-0.4039744556668028,-0.1991063603542914,-0.1876251633444202,-0.3309480536868813
2024-08-01 14:00:00,-0.0196771849142405,-0.1129503004349151,0.0456531671661171,0.11986636337279,0.0,0.1828492720427977,-0.0414456239354464
2024-08-01 15:00:00,0.1010777155076348,0.0753143738108377,-0.0706625458134158,-0.2398765786435361,0.0181996870156259,-0.0035820681671552,0.0828740775895477
2024-08-01 16:00:00,-1.2335490692663331,-0.9971169165010204,-1.3356302946520389,-1.3844817064630854,-1.353036988470507,-1.134786093227523,-1.325903346975147
2024-08-01 17:00:00,-0.0442392243231308,-0.1209231062899604,-0.1930577069759416,-0.0213096289886718,0.0083003241785349,-0.1329321396009263,-0.1049868862836814
2024-08-01 18:00:00,-0.1023782272844485,-0.0611965993790383,-0.099432140238036,-0.1675909954082787,-0.1476641647497455,-0.0725829897345222,-0.126129930532645
2024-08-01 19:00:00,-0.0997119515365164,0.0108821329087718,-0.0309546185656838,-0.0701668780122979,-0.0924009527599695,0.0725829897345254,-0.0841750891452309
2024-08-02 08:00:00,-0.7621945714197107,-0.4457750836670053,-1.0526120475597838,-1.9009167849334443,-0.527392673856984,-0.5079753177694163,-1.0071601364034082
2024-08-02 09:00:00,-0.2583475034598327,0.1597259061365403,-0.1677496227590489,0.7128387098675246,0.3664112074671334,0.2864322956466227,0.1466260343233132
2024-08-02 10:00:00,0.2711915350514752,0.2016816567412579,-0.058218949672818,0.3452903712701952,0.3512343013748414,0.141698835013634,0.2121206488682729
2024-08-02 11:00:00,-0.4757702444691959,-0.5624511421534747,-0.5333825086133032,-0.8034033170750875,-0.71299899256673,-0.333372030341318,-0.7017124991496081
2024-08-02 12:00:00,-0.1628408787134005,0.0711636657422376,0.0754075702161071,0.2169366311382585,0.2320509696779965,0.1359075067522555,0.0
2024-08-02 13:00:00,0.0606751817802009,0.1066506336049817,0.1090714976149336,0.0,-0.0825484323254925,0.169625048243896,0.1151631605206718
2024-08-02 14:00:00,-0.3065614946832893,-0.2188933085514732,-0.2971335571974302,-0.4498921643504785,-0.064973641552113,-0.4428409675699509,-0.2560984817346889
2024-08-02 15:00:00,-0.0535336443556106,-0.078096638278402,-0.2663688524019912,-0.0466562994466653,-0.376749888648686,-0.2312984170755065,-0.213917552214967
2024-08-02 16:00:00,-0.4621424932338128,-0.5607953779453962,-0.8558119971814824,-0.6241730492925727,-0.6057678472442316,-0.4140185810260318,-0.6897838745259763
2024-08-02 17:00:00,0.1765215537375803,0.1047005110248675,0.468539403541962,0.5619307692157456,0.1536587953419085,0.1834055242302845,0.2240028506224001
2024-08-02 18:00:00,0.0141308802360366,0.0344170106028768,-0.0680974728105353,-0.102784535305806,0.1076078872802673,0.1342839207596657,-0.0215169446768789
2024-08-02 19:00:00,-0.0791586606979819,-0.1143101233831277,-0.0931416046799749,-0.1153690377722018,-0.1029268748700436,-0.1465004962244339,-0.0861141065056624
2024-08-05 08:00:00,-2.693918084510098,-2.33382495896956,-3.028454480668561,-4.042883675982923,-2.438278482311321,-1.9168260859050856,-3.030601219705133
2024-08-05 09:00:00,0.2802723317854325,0.1423648303373502,0.2456802480525293,0.7444002333029884,-0.2083824234037978,-0.4931376606381096,0.5865898417535159
2024-08-05 10:00:00,-0.0144875885082865,0.1238756334592718,-0.2257693784088136,0.1932834619610083,0.1440894756606205,0.0663092663342544,0.0441316011487439
2024-08-05 11:00:00,-0.0753693131849403,-0.1055661610730238,-0.0960772441155378,0.0804246464453126,-0.0576108785269947,0.249828373023152,-0.1324532744032612
2024-08-05 12:00:00,-0.2438898130689003,-0.1197765254412938,-0.158377311245133,-0.10617419999377,-0.1297459564325263,-0.4564076821447344,-0.0883997493974161
2024-08-05 13:00:00,-0.6913417634607738,-0.3870826747077016,-0.7755540211145124,-0.7009978311493115,-0.642555443341023,-0.4773878413070025,-0.6254456158570185
2024-08-05 14:00:00,0.0158054177788548,-0.0495529625113256,-0.3401666183650127,-0.1557253709025801,-0.0048396385767326,-0.2016892149729577,-0.0556365390621448
2024-08-05 15:00:00,0.79290997914534,0.5535955389469875,0.9335701563625756,0.840626363436223,0.704119580249202,0.37783420264059,0.9085532394098866
2024-08-05 16:00:00,0.159569717939726,0.1843214749776147,0.4810973584322666,0.2508160872410388,-0.1028969918892097,0.3538671798215525,0.2159494900610017
2024-08-05 17:00:00,0.462760260329105,0.3620243619432232,0.7986564467189988,0.5348976591948456,0.5028994437059039,0.3438814435500017,0.614441257234099
2024-08-05 18:00:00,-0.0346328345818735,-0.0434298369801719,-0.0174206923423645,-0.0063890619281554,-0.1101527402915239,-0.0412033892495047,-0.0875465146745405
2024-08-05 19:00:00,0.1874512094436699,0.1414278848621626,0.170592065323421,0.15003514274606,0.2345272958995067,0.0686628866636087,0.2187227468643179
2024-08-06 08:00:00,0.5476474388181419,0.4049719261816683,0.9922318754695004,0.6771389047152262,0.0497065412570629,0.602209083762504,0.575139923595156
2024-08-06 09:00:00,-0.0888677448526446,-0.3797879430617386,-0.731683882805538,-0.5751159725902936,-0.0430138367804784,-0.2857215787604112,-0.3372757867406309
2024-08-06 10:00:00,-0.4414942068174426,-0.3700022440941155,-0.2547506559588059,-0.6938920816259504,-0.4935915136833895,-0.2778073705118988,-0.4368822344525676
2024-08-06 11:00:00,-0.2278319182930427,-0.0491562687650772,-0.1821969739424659,-0.2731188639462369,-0.5056961676135631,-0.2748284053377249,-0.1533608222761592
2024-08-06 12:00:00,0.1586720351829839,0.1936761162856434,0.182196973942459,0.417409779415662,0.1592088142349421,0.2436359162361171,0.1752503241585143
2024-08-06 13:00:00,-0.0605541588932194,-0.2653471073592302,-0.1624526053787074,-0.2791505374306393,-0.0983900763280481,-0.2849253998909017,-0.1007314060561623
2024-08-06 14:00:00,-0.5060490764135518,-0.5950216365552629,-0.3233688987412833,-0.8680834169613393,-0.4885585659474963,-0.4389712562448387,-0.5272072488515858
2024-08-06 15:00:00,0.5377724946183198,0.668097427831177,0.7151262787043576,0.6461327339784988,0.4354648929832621,0.7201529035224782,0.5929131516053643
2024-08-06 16:00:00,0.3339266507478384,0.4303433262422931,0.3199152701643197,0.241227481808832,0.2449610637598114,0.3600061190143363,0.3322480050398979
2024-08-06 17:00:00,-0.1495533810332612,-0.1203655899774302,0.0726178775622398,0.05459742564245,0.1241799710027462,-0.1057496817199721,-0.021824530859212
2024-08-06 18:00:00,0.1983973599728139,0.1581249236242037,0.2876474737403309,0.2821464222836696,0.2210242969340024,0.1989654456613133,0.2180312648309052
2024-08-06 19:00:00,0.0545621117011625,0.1243650904038028,0.1572805715386665,0.1119964278213013,0.1630523759254276,0.2915146550152335,0.108837625023239
2024-08-07 08:00:00,0.1164909392188189,0.0069822162979275,0.1409976676666682,0.3352386524594279,0.327219787362233,0.1163683312381778,0.2477077447550352
2024-08-07 09:00:00,0.214264107958915,0.4694811601759575,0.1430869239486803,0.0223093349556497,0.0085966043465957,0.2039366649401702,0.1777970980082561
2024-08-07 10:00:00,0.4624800555786586,0.4728206755097975,0.3243344855835541,0.6036459371510398,0.4003551345426678,-0.0988264441150267,0.5616657309509335
2024-08-07 11:00:00,0.079718484104249,0.0967840133066439,0.2823638446703411,0.2657178313140969,0.3513707058484116,0.0741289878274796,0.1721874685557448
2024-08-07 12:00:00,0.1251436470902548,0.1877701472595812,0.170398432669372,0.3059649738881614,0.1515625438141343,0.1912459326231187,0.1504212076646422
2024-08-07 13:00:00,-0.2789433846181169,-0.1656612331317441,0.0113495783753546,-0.1481341672800946,-0.0880677705227309,0.0874809846267419,-0.2666152216842525
2024-08-07 14:00:00,0.1794100455322143,0.0704395595576632,0.2776630503316582,0.292904369908167,0.1420064804242283,0.2116090452773694,0.1720911647204231
2024-08-07 15:00:00,0.4428730346899513,0.4064738185311867,0.3141316511170965,0.2450019286569126,0.4106820724701601,0.4659269322994518,0.4503352952975817
2024-08-07 16:00:00,-0.0158641125778131,0.0797228984384569,0.086833460017929,0.0627244379285983,0.0499220566951889,-0.1162783712509118,0.0534765090445377
2024-08-07 17:00:00,-0.2638261980490943,-0.1994265430541919,-0.2256980667833068,-0.3454723054134401,-0.354703967982298,-0.2808491087303674,-0.2569484519346106
2024-08-07 18:00:00,-0.3215025174885688,-0.4152560615997006,-0.5040133444617857,-0.3466699552954801,-0.3313110630851179,-0.332148566504645,-0.4727937974128264
2024-08-07 19:00:00,-0.3625726618438138,-0.4114348513427158,-0.3560362071797799,-0.3954074680083601,-0.2420768517944979,-0.1578493360186238,-0.4533980174600217
2024-08-08 08:00:00,0.3369217703346873,0.3035450544436632,0.1992179932243728,0.1330313928513853,0.0475122590563968,0.1332017957183398,0.3930635905306401
2024-08-08 09:00:00,-0.1728875207036891,-0.4007632335657826,-0.6469117514893343,-0.6733069757010001,-0.3807316541709333,-0.4446977212589834,-0.4190342438385249
2024-08-08 10:00:00,0.1939787345812291,0.0847239923732926,0.2263815379762762,0.3975452871141652,0.3237142338048018,0.1645215331419574,0.2378122404967419
2024-08-08 11:00:00,-0.3654494808249066,-0.3462929981176997,-0.2263815379762754,-0.3338317410522385,-0.2283953372435139,-0.1608075357041975,-0.3460959543799431
2024-08-08 12:00:00,0.0571895907658994,0.1127811816761654,-0.0538123792904541,0.0859489452541055,0.099987152840109,-0.0099042997122031,0.0649842977488116
2024-08-08 13:00:00,0.2620814408912542,0.1529562565298146,0.1144597055152559,0.2383601954862066,0.1455168243082488,-0.0012381064400195,0.2011833718060647
2024-08-08 14:00:00,0.2050745252906224,0.2303828703779833,0.4018591368101596,0.1522528960473798,0.1234755675285293,0.3004100442560652,0.2589948138007597
2024-08-08 15:00:00,0.1762555820434933,0.2423001690808838,0.4320201355528275,0.1108717802373587,0.0664237479823535,0.3265822099512933,0.2798228180848716
2024-08-08 16:00:00,0.470951811650253,0.3023966182483873,0.3601036640369431,0.5462251519898239,0.2813367711626834,0.3181605892473446,0.3754523242039946
2024-08-08 17:00:00,-0.0480702626823716,-0.201496107258677,-0.016956912526006,-0.0629951042140459,-0.0955846588430732,-0.1251779653908695,-0.1006973914481912
2024-08-08 18:00:00,-0.0650730397076068,0.0041444191947807,0.0644209763408677,-0.0409681084766964,0.0142015195864689,-0.0798520936036731,0.0
2024-08-08 19:00:00,0.149887329779144,0.2249223034768274,0.2313470502502223,0.1983815242670638,0.1844364571916636,0.2087093927902462,0.2355158884199336
2024-08-09 08:00:00,-0.0124349285999681,0.0881749227044428,0.0935153382592804,0.0849003258342593,0.1765508844758769,-0.0049058084782231,0.138908204027741
2024-08-09 09:00:00,0.3115372808546466,0.4218864692181246,-0.2367745660362104,0.2824816303789794,0.4066730008833578,0.3318255268624546,0.1195202259494714
2024-08-09 10:00:00,0.2139014167513211,0.3627432814930924,0.2277648467954746,0.3910165142156303,0.2861259122778246,0.2441854580032337,0.2769081795811733
2024-08-09 11:00:00,-0.0506195278445414,-0.1928429885133761,-0.0845056190185529,-0.0780810833597856,-0.0468498190796309,-0.1183554828758573,-0.0851208767772926
2024-08-09 12:00:00,-0.2393834628086798,-0.3332216536955574,-0.2539461757602579,-0.4226945989244895,-0.2768616006691507,-0.1343872754266095,-0.3198501564708467
2024-08-09 13:00:00,-0.1280940961262344,-0.1003208978340886,-0.0904476087393192,-0.2513314026221583,-0.1401304665046274,0.0012225163053161,-0.1282270649279554
2024-08-09 14:00:00,-0.2261165463137177,-0.2767472284493353,-0.3058660653154791,-0.3308340026773202,-0.2874580806515875,-0.269314268716681,-0.3427448623281376
2024-08-09 15:00:00,-0.0651032475547161,-0.0124095995305722,-0.2101163226963489,0.0378650431294728,0.0377465324855513,0.0061288404865928,-0.0643956490795721
2024-08-09 16:00:00,0.2375633912312226,0.2341437609893769,0.3778920867183653,0.1733648976371453,0.1941693275911766,0.1800202549660932,0.2744662500082069
2024-08-09 17:00:00,-0.0423806637504527,-0.1404204583766503,-0.1190010850530027,-0.0630070116142362,0.0178898456771799,-0.2143466007732883,-0.0642604713127391
2024-08-09 18:00:00,0.0932137628399712,0.0702348765677183,0.262746759234991,0.1354160312746111,0.1411233652222735,0.2167936227476728,0.0856714552292399
2024-08-09 19:00:00,0.1692572832068895,0.14032193800621,0.2067668847671932,0.1320900291123972,0.1503123961905967,0.1650357034998208,0.1924928409584418
2024-08-12 08:00:00,0.3039430477112224,0.2800545465342096,0.2446298236495366,0.244848112529254,0.2259824395419196,0.2244998502687695,0.3285196119715302
2024-08-12 09:00:00,0.1286159363366686,0.0205613242217124,-0.0788474792761072,0.3505316328839349,0.2320143243053521,0.1230169760203009,0.046843394873404
2024-08-12 10:00:00,-0.478230225210617,-0.5194388560309758,-0.3465386325031437,-0.5011364336392162,-0.5763488657311273,-0.3780584517074464,-0.5336078060284914
2024-08-12 11:00:00,0.0676536609520033,0.0743709491784416,0.1299515971995758,0.08788036282669,0.1502643996523675,0.1648140721386491,0.1069495941603977
2024-08-12 12:00:00,0.0478936657105405,0.0151428591383854,0.0361304312484304,0.147340068662734,-0.0281573811741758,0.1219096069451392,0.0213761998206159
2024-08-12 13:00:00,0.0506859509398392,0.0357830997487276,0.0823737218000377,0.150251229493602,0.0084480468635226,-0.0499649646320603,0.0619651519276882
2024-08-12 14:00:00,-0.0704040942306814,-0.1225414419094056,-0.0315873788486667,0.0218927879776002,-0.0657258504642499,-0.0304786986736081,-0.0641025662976121
2024-08-12 15:00:00,-0.3244987934636684,-0.2828309798435581,-0.2485343409253694,-0.3194840861339464,-0.3245671762807659,-0.0646455798229644,-0.3640260979219338
2024-08-12 16:00:00,0.3887093160566583,0.4053724217529704,0.4232679167478196,0.3976335118055974,0.3996789085085558,0.3215946054144309,0.4281286642195471
2024-08-12 17:00:00,-0.0016892224790795,-0.0908590370876302,-0.0225291189814618,-0.1094263044941353,0.0834955603541998,0.0729456708698031,-0.0213629567144425
2024-08-12 18:00:00,-0.2649978997764579,-0.2827412596026788,-0.2617093813932147,-0.2662491784268483,-0.2817247160892989,-0.1155218981644636,-0.3424294410783668
2024-08-12 19:00:00,-0.0056458897937287,-0.0041436177932884,0.0135535024716624,0.009409108023498,-0.0329196434483563,-0.0584197475355886,0.0214362273060869
2024-08-13 08:00:00,0.4939366348949414,0.441021125794901,0.4428650304243001,0.5223822445565797,0.4786179918439403,0.2103945368179416,0.6090087736892237
2024-08-13 09:00:00,-0.0680037006730485,-0.0811671606478884,-0.1181308464473946,-0.2248841389399912,0.1823973118027629,-0.15684179826294,-0.0873837159580604
2024-08-13 10:00:00,-0.1237616958056531,-0.1377220986174686,-0.2705385363673368,-0.0406580352132414,-0.0934955237006592,-0.1010439261792899,-0.1707249822474766
2024-08-13 11:00:00,-0.0872878046788554,-0.1903685170244569,-0.0203199260150755,-0.0782350219845077,-0.0467805625941096,-0.0243632068057713,-0.1282352865462906
2024-08-13 12:00:00,-0.3075215360846958,-0.1921150516595582,-0.3109578302987445,-0.4612641144576873,-0.1404731365453659,-0.1487442361541116,-0.2784085406488682
2024-08-13 13:00:00,0.1496469459062429,0.0069170165551702,0.1278924519722571,0.0220132709464769,0.0917981255217215,0.0853721055828041,0.0986024258915817
2024-08-13 14:00:00,0.2108195118007214,0.2141905455756627,0.1751620696586495,0.1884866654004894,0.1029384331960536,0.2045961767362482,0.1926370458727948
2024-08-13 15:00:00,-0.0168942700669296,0.0496818988703927,0.0112902497523309,0.0,0.0,0.0632426471098928,-0.0213857999104186
2024-08-13 16:00:00,0.221089051642652,0.2659301193094501,0.2165259718444219,0.2851951287451166,0.2848672157793133,0.0024316109423855,0.2947208694033741
2024-08-13 17:00:00,0.0376433048524378,-0.0385367066895888,0.0450506264025121,0.078208100088436,-0.0149237025983128,0.0583409314633378,0.0
2024-08-13 18:00:00,0.1908076228490492,0.2557159373571688,0.2395533982937146,0.1874502634262717,0.1211906663725002,0.154196418471405,0.2343018878814555
2024-08-13 19:00:00,-0.0420586303498374,-0.0343324066955915,-0.0595535746935788,-0.0312173196223053,-0.0232944937529327,-0.0303348361514898,-0.0212775012505398
2024-08-14 08:00:00,0.2492893746509517,0.6298370927120671,0.1684560840391415,0.3428556976457519,0.3442055978059627,0.5699675991684543,0.4437610127407265
2024-08-14 09:00:00,-0.1517404242563278,-0.1502527259862827,-0.103286077912292,0.2858520798688942,-0.3917431976795878,-0.2573537495211637,-0.1908518932890803
2024-08-14 10:00:00,0.2714024771511837,0.1870984587802867,0.2187951436371418,0.2726612481031225,0.1350967544672292,0.1474855199643548,0.233214005250213
2024-08-14 11:00:00,-0.1202215576212664,-0.2937782653853905,-0.244633340499438,-0.2261323062623812,0.0651538584823375,-0.0507491552699701,-0.2544422728910177
2024-08-14 12:00:00,0.0922759507682328,-0.0588593620486101,0.0707582959926429,0.0,-0.1350087029620056,-0.1245653978150899,0.0636712885232652
2024-08-14 13:00:00,-0.0033539976860719,0.0465428270848801,-0.0145968190422038,0.0775001588793767,0.0353992197237173,-0.041152762052117,0.1123869622202065
2024-08-14 14:00:00,0.0921939714573839,0.1299314281719467,-0.0640266013077279,0.1238754590825201,0.0698301294163162,-0.0908380782990575,0.148242297372316
2024-08-14 15:00:00,-0.3188492811398151,-0.0779385965383676,-0.2711629594678447,-0.2479045598026381,-0.1769977918161946,0.0726770626851423,-0.275482267884462
2024-08-14 16:00:00,0.0996796892785309,0.1052710827347861,0.1407364689023454,0.0775362132942788,0.1602430073552083,0.1149641015111775,0.1230012455200076
2024-08-14 17:00:00,0.1426266472550089,0.2211182381605053,0.2393595748785935,0.2477126562762607,0.1339597390895144,-0.1028563913065389,0.2751440950155621
2024-08-14 18:00:00,-0.1230383923099969,-0.0777451226818506,-0.0303096639631679,-0.0463994069200498,-0.0557947511614874,0.0036320272163805,-0.1268955185822277
2024-08-14 19:00:00,0.0335709413087544,-0.0177398115951423,-0.0314419505582841,0.0927772947748027,-0.0046509680998443,0.0145267898471165,0.0
2024-08-16 08:00:00,1.957159232099882,1.5317097151734145,1.951872813199576,1.9681095590423527,1.4177822124651251,0.980506295469705,2.052729010770573
2024-08-16 09:00:00,0.180867555636451,0.0591175381327629,-0.2039658265150013,0.1514302877315394,0.0165067953348664,-0.1427432124484301,0.1781423952755093
2024-08-16 10:00:00,0.1477396112318887,-0.0685258241516043,0.0165532767589317,0.0,0.1832257395014299,-0.0180073110169092,0.0
2024-08-16 11:00:00,0.2621104657413976,0.1947054185939062,0.0496433959658492,0.0756292388420367,0.2650824221352594,-0.141770715658408,0.3099560277945811
2024-08-16 12:00:00,-0.1746639528371003,-0.1664832155964499,-0.1545271226596416,-0.1452586918852873,-0.205606268031553,-0.0420893141446429,-0.2272071039805459
2024-08-16 13:00:00,-0.1574588226149613,-0.1223537789868793,-0.2123119570534875,-0.3640725491081447,-0.1519631919084719,-0.1456454093289577,-0.2028566210028707
2024-08-16 14:00:00,-0.0903226221024872,-0.0134546041858441,-0.0309998563203481,-0.0820993143691068,-0.0641501502034949,-0.024094063339379,-0.0518150834934454
2024-08-16 15:00:00,0.1805637360590878,0.0013455418833719,0.1438467063715088,0.2885698062758752,0.2609258391465682,0.132445566180642,0.1243111252778907
2024-08-16 16:00:00,0.095075220397998,0.0941429697666957,0.0884183127707714,0.0758012225131063,0.0173708727471821,-0.0505494251740015,0.1220887674801518
2024-08-16 17:00:00,0.0682454131448933,0.0725640678467234,0.0850288541967087,0.1272168461265276,0.0995956863284733,-0.0060194911140347,0.0826873432125317
2024-08-16 18:00:00,0.1472513355075436,0.1047218924161689,0.1301638262205504,0.0756475465752825,0.1095320353763389,-0.0240815885379483,0.1651698527663625
2024-08-16 19:00:00,-0.0327037857546544,-0.0254990774741734,-0.073885789169665,-0.0151249319666424,-0.0684434615305065,-0.0421567393790324,-0.041266894220218
2024-08-19 08:00:00,-0.2734949257648756,-0.1047486129297073,-0.2905581751516112,-0.0514418869334263,0.0438092115872632,-0.190529077136226,-0.1755745351621543
2024-08-19 09:00:00,0.005466302976667,0.0268690805673791,-0.1051623748486475,0.3685860454686814,0.3279587525469372,0.0156901556664707,0.0206718346989368
2024-08-19 10:00:00,0.1665788644389668,0.1878816898379945,0.1936344676759895,0.0904281835822118,0.4220277178008664,0.1398955835434755,0.2064836579177859
2024-08-19 11:00:00,0.0763696107901357,0.1902058010219126,0.1160009631108053,0.0993766456344247,0.1538461841905641,0.1120164889753673,0.1648804990183885
2024-08-19 12:00:00,0.0218091806610078,0.0080289040589037,0.0386371042433455,-0.0301037074988896,-0.063319766927913,0.0601720939991772,0.0308848512260859
2024-08-19 13:00:00,0.1116974586453622,0.0601962415592733,0.0055183678889251,0.0812592213732423,0.1726780436394738,-0.0048124353338284,0.0535111562945878
2024-08-19 14:00:00,0.0462770150329194,0.1149410051565581,0.0496516122148246,0.0,0.0496688004359046,0.1923169975893467,0.0205735918102039
2024-08-19 15:00:00,0.1821776436289618,0.2588013877634404,0.0804935510792336,0.1142530829798843,0.2119437834825056,0.3201076951586344,0.1438967480957545
2024-08-19 16:00:00,0.1661175038773238,0.0639301052646685,0.1783984263116587,0.0931098763729489,0.045937049037218,0.2032812676870156,0.0985525179858893
2024-08-19 17:00:00,-0.1411279613275357,-0.1692374725150086,-0.1012736345818543,-0.2494891278485854,-0.1000076665793501,-0.1972965048913048,-0.1026609814211726
2024-08-19 18:00:00,0.0733028390160938,0.0653302869103351,0.0407419443947356,0.1052821659034119,0.1441233945516038,0.0502578717994137,0.0821372148274832
2024-08-19 19:00:00,0.0027138883236618,-0.0426598417390457,0.0363234108374005,-0.0300693099855539,-0.0315092482249756,-0.0837771576736216,0.0
2024-08-20 08:00:00,0.2650630737558451,0.1825097589788762,0.1264785787442325,0.2942900879228734,0.1367681543443319,-0.1953535260557914,0.2541974678055666
2024-08-20 09:00:00,0.1119933029287484,0.180848708218093,-0.0197860904430253,0.2994059033914783,0.1401730827677492,-0.170496883508082,0.2433414625460947
2024-08-20 10:00:00,-0.2490445560813113,-0.1183125316642079,-0.0604817665916288,-0.3894027595760813,-0.2922493121515342,-0.0540914158093628,-0.2249167734105966
2024-08-20 11:00:00,-0.130182925370034,-0.1224479083970051,-0.0902407949604537,-0.2343715860775005,-0.1126313964168861,-0.2106340862413339,-0.1228954314686835
2024-08-20 12:00:00,-0.0515775969216515,0.0039952323565891,0.0242189393288495,-0.0300874041353232,-0.0901965443717511,0.1023633989728855,-0.0409987296136877
2024-08-20 13:00:00,-0.0363917823768198,0.0053267281916297,-0.0110078816543781,-0.0752581389564893,-0.0081216808314336,-0.1300797524012478,-0.0143535274039958
2024-08-20 14:00:00,-0.1168691171877985,-0.1759320183492746,-0.1597506027410675,-0.1265613162562525,-0.1309403054225707,-0.1024967079765972,-0.1436487010815817
2024-08-20 15:00:00,0.1793244839979992,0.1279812468882515,-0.0275690192137845,0.0060303628789197,0.0406549977366916,-0.0180985648332193,0.1026272668072213
2024-08-20 16:00:00,-0.2642081277733863,-0.1987077983142352,-0.3900880709777026,-0.1659676291526796,0.076747706979295,-0.1219490259375943,-0.3040827475124337
2024-08-20 17:00:00,0.0038104258700003,-0.0681048841499492,-0.0155023309172299,-0.1511190652241962,0.0983315294906616,-0.1208883018560232,-0.041163274708056
2024-08-20 18:00:00,-0.1825190857699983,-0.1751489547744441,-0.2861168819991969,-0.1664951646948333,-0.1985667746322548,-0.2482788294636759,-0.2473361114148578
2024-08-20 19:00:00,0.0027266158608943,-0.0013381954434697,0.0577328760345585,0.0,-0.0361454496814654,-0.0400245003796885,0.0412651913339038
2024-08-21 08:00:00,0.1019220847632668,0.1417491545181399,0.1530527665268359,0.205808096131373,0.1111056023892981,0.4309360144861894,0.2143049306663242
2024-08-21 09:00:00,0.2214719807372281,0.2935566470362922,0.1218310243838199,0.338057399266331,-0.0523758793963237,-0.0108716003706687,0.2467055793746675
2024-08-21 10:00:00,0.0054354029549447,-0.0413126775824212,-0.0276758386161791,-0.0542536370778966,0.0541814550138793,0.0507240261597488,-0.0410753533121027
2024-08-21 11:00:00,0.0923566771611898,0.0546357077921086,0.1250339026854865,0.0753443271229208,0.0812171791896077,0.0905146725729293,0.0821338417048116
2024-08-21 12:00:00,0.1004089714285087,0.1637282477449053,0.1016821856437566,0.345854604768,0.1892506242363631,0.0518581510322114,0.1435720978427631
2024-08-21 13:00:00,0.1290266797961052,0.0359044944315581,0.055218722758354,0.0690276137852776,0.1241699668258467,-0.0060286360229285,0.1044728824038882
2024-08-21 14:00:00,0.0676994926731194,0.0505104221712947,-0.0165624155005296,0.0209989501296703,-0.0494695524999222,-0.0361794504670025,0.0204720863818069
2024-08-21 15:00:00,-0.1571330589841817,-0.0584880847204093,0.0717506640121595,-0.0750165071487487,-0.1260330373343192,-0.1267312562121926,-0.0819135039249041
2024-08-21 16:00:00,-0.0688912603155788,-0.0944506964450846,-0.0055174544686028,-0.1502020499580167,-0.155960563681635,-0.0990828873096316,-0.0778800277102821
2024-08-21 17:00:00,0.0325529666765394,0.0705138895008161,0.0242745229041315,-0.0300675017674788,0.1343389419757736,0.0,0.040997048786741
2024-08-21 18:00:00,0.1219793328533995,0.1315815895901938,0.0893236276259578,0.0751518101864466,0.22499626998214,0.0060444508937065,0.1228903972452644
2024-08-21 19:00:00,0.0108354101308679,-0.0239110510046113,-0.0838075122936125,-0.0060100668638036,-0.0629479441304847,-0.0544132152892605,-0.0204712482034867
2024-08-22 08:00:00,-0.0232975833874574,-0.0877228015901924,0.21268983415281,0.0660908773587814,-0.0332884991310406,0.1208780729333059,0.0061418144986649
2024-08-22 09:00:00,0.1369985620949732,0.2549802178271708,0.181475278436078,0.0420350999268697,0.4318885421000983,0.3316632620975354,0.1575109509354666
2024-08-22 10:00:00,0.1351899624581172,0.1722744625060554,0.142748928916929,0.1949318356049678,0.2550234258689715,-0.0036122165166435,0.1837897962670623
2024-08-22 11:00:00,-0.0621646843539175,-0.0874253297706462,-0.0054865770905358,-0.1739209098463181,-0.0715198900471753,-0.096373938310996,-0.1020637374521174
2024-08-22 12:00:00,0.0459515354546805,-0.0570000744503541,0.0822670654570784,0.0,0.0983266669608537,0.0337414444539209,0.0408379962387347
2024-08-22 13:00:00,-0.0108102264847775,-0.0331545202594118,-0.0932411227965524,0.0390085823826573,0.0089339956461589,-0.1205574722859491,-0.0122496478379362
2024-08-22 14:00:00,-0.0108113952210848,0.0291765581688499,-0.1229917904291691,0.0209983202115466,-0.0893758941223804,-0.1207029887758372,-0.0204194148505164
2024-08-22 15:00:00,0.2187032583694401,0.0662787176796684,0.1251866982431358,0.0599709159040425,0.0759746013242744,0.2147502846138685,0.1020554045265827
2024-08-22 16:00:00,-0.1970816366635897,-0.2388092519234455,-0.2571316963293572,-0.1199778184982497,-0.2881150157426864,-0.1797314163314613,-0.3064792052221219
2024-08-22 17:00:00,-0.173104013797824,-0.1981133350627763,-0.2710327338927467,-0.1802370604626008,-0.1174524609512197,-0.0628011759629369,-0.2048425477632335
2024-08-22 18:00:00,0.0919988159159862,0.0425809376901111,0.025371611509196,0.0601151222660476,0.0358779793783075,0.1593414226393591,0.0614968348512169
2024-08-22 19:00:00,-0.1895016674734332,-0.2504230525599446,-0.1987325935058161,-0.210561223248,-0.1705351625889699,-0.1327668808937909,-0.24621457717102
2024-08-23 08:00:00,0.3813443613100842,0.5174707417375177,0.2461492155740265,0.5645067312625864,0.3434657512223284,0.3327910468736524,0.4836471432735972
2024-08-23 09:00:00,-0.0167378023656244,-0.0172501874727033,-0.030873386283852,0.2541867397310083,0.3628081366759269,-0.0698424959752413,-0.0777175619442989
2024-08-23 10:00:00,0.3584397441809648,0.3007879726581306,0.1377539711894106,0.3190603851718606,0.0713343112604664,0.0156585944924473,0.2860296969077563
2024-08-23 11:00:00,0.190822826554368,0.1665675578451902,0.0187198899376747,0.2230351535683381,0.2048031489749044,0.0505725546305841,0.1427086336262816
2024-08-23 12:00:00,-0.0456568279659041,-0.0079255003013642,0.0803456004480035,-0.1040211702557413,-0.0889933135766744,0.1719959770422728,-0.02037448306798
2024-08-23 13:00:00,-0.0983672725961755,-0.1890772143544135,-0.0110024315484721,-0.1100830196556716,-0.0650151650729676,-0.1070116792934764,-0.1080541191179646
2024-08-23 14:00:00,-0.0349624963556321,-0.038387970475843,-0.0880630588372104,0.020835813862724,-0.0846721234214212,-0.012030943601415,-0.0816276599820887
2024-08-23 15:00:00,-0.0026899291743254,-0.0278073876751381,-0.0253324890525133,-0.0208358138627336,0.0579413026260579,-0.0842571578151447,-0.0204173303008221
2024-08-23 16:00:00,0.2310698482602053,0.2909323783392099,0.0,0.0654693730885375,0.4516807864082155,0.3017935547377569,0.1530284625459106
2024-08-23 17:00:00,-0.1262161901499215,-0.1070175888419154,-0.1013941785219931,-0.0595158404093402,-0.1029601120555731,-0.1525864902600593,-0.1224040301345855
2024-08-23 18:00:00,-0.1398293234752883,-0.0449551117565656,-0.0165414114612138,-0.0952990825136483,0.0088800483132945,0.1225681788648187,-0.0816860035619227
2024-08-23 19:00:00,0.0538036502614105,0.0846046107098506,0.0308750884597961,0.0744601672526273,0.0177577313189137,-0.048048048972417,0.0612707573852215
2024-08-26 08:00:00,-0.0489601361295041,0.0660475830781143,-0.0805157462802264,0.0148853825818234,-0.0994839353330117,-0.0348492772301956,-0.0122511485605071
2024-08-26 09:00:00,-0.0360629005477408,0.142514077589975,0.007723498748767,-0.0446627966334539,0.0399831187716341,0.049266116122963,0.0530774739418198
2024-08-26 10:00:00,0.1156781693663069,0.0843570461792346,0.2270248608398508,0.199339567957147,0.208541395600193,0.0552453025520081,0.1223790639804151
2024-08-26 11:00:00,-0.1210618074148656,-0.1450326577646524,-0.085900250868638,-0.1040830379150813,-0.008865248232751,-0.0792745221985855,-0.1427901431850327
2024-08-26 12:00:00,0.0914824525131458,0.1318565591883688,0.1068134994878272,0.0446202821455443,0.0088652482327567,0.0576604297262073,0.102013760300675
2024-08-26 13:00:00,0.1429754175381716,0.1093090591709164,0.0825096170507719,0.1723446724896407,0.1744853348042823,0.0492253027991288,0.1120950683455816
2024-08-26 14:00:00,0.0134270361630593,0.001316248428734,-0.0131969647172751,-0.0237540271615975,-0.115108435990075,-0.0108034787306472,-0.0203715776454195
2024-08-26 15:00:00,0.077841277521115,0.1105030632335965,0.1648370135540514,-0.0594097657421072,-0.1152410882190031,0.0144043789560789,0.0203715776454262
2024-08-26 16:00:00,-0.0767671925072895,-0.1684343899011559,-0.3960662646658007,-0.1338011617314791,0.0088694156000284,-0.1465412920041839,-0.2467752233834553
2024-08-26 17:00:00,-0.0779010803175482,-0.0830055977617713,-0.0275629401479259,-0.10419148358625,-0.2513088468155399,-0.0974125618963218,-0.1082837138832048
2024-08-26 18:00:00,0.1181709426287288,0.1238243433496377,0.1520527409022342,0.1279914450236522,0.1332812253028633,0.1298623401404415,0.1225765746236127
2024-08-26 19:00:00,-0.1423594843657475,-0.196345921696734,-0.1707998806398625,-0.1637392446804529,-0.1955399746679038,-0.1274559487648408,-0.1839212518295424
2024-08-27 08:00:00,0.216950111407113,0.1989788170919548,0.0573331290926016,0.1934812331516173,0.2470277962726489,0.5028664321805422,0.2349505131146499
2024-08-27 09:00:00,0.051483365575018,0.1762462642203369,0.1707020672985763,0.1248198447271053,0.2083435672886957,0.4824811709933428,0.0856705814764203
2024-08-27 10:00:00,0.1874756161316733,0.1903649673275661,-0.0132052425004502,0.2373219346113002,0.2918367432933847,-0.119209417354992,0.1833330451778488
2024-08-27 11:00:00,-0.1740728385199857,-0.3323898981614017,-0.2567480377450007,-0.065207406314845,-0.3272688380551685,-0.5166239665639084,-0.2649224104512528
2024-08-27 12:00:00,0.04019755813768,-0.0961127094164965,-0.0022067017533089,0.0444642070464923,0.1106836376495487,0.1916535491528579,-0.0204077468515088
2024-08-27 13:00:00,0.2034196605222819,0.0592584806347732,0.1565549419565431,0.1835759320524314,0.033623558043102,-0.0335128668606233,0.1386906198243385
2024-08-27 14:00:00,-0.0748959516302225,-0.2715601869222225,-0.1819355127142283,-0.2428659360126627,-0.1638002004238358,-0.1341638917105453,-0.2244486648964413
2024-08-27 15:00:00,-0.0187327558840125,0.0316760597630415,0.0860471326589332,0.1066967099339257,0.1947592683609077,0.0623127641492979,0.0612632500935267
2024-08-27 16:00:00,0.1470914933433372,0.0026392187914111,0.1839805301351052,0.0592267959330116,0.094586896601914,0.0538931850143255,0.1326084268056865
2024-08-27 17:00:00,-0.1230071659690702,-0.1254398812374975,-0.0110072758204134,-0.0148034107328555,0.0565326093371546,-0.0443100513222759,-0.1019908704598236
2024-08-27 18:00:00,0.0454767982541823,0.0317049330247059,0.0473226921135693,0.0088823094062927,0.0882682706417401,0.0,0.0408088315973913
2024-08-27 19:00:00,0.0721853751698681,0.0858170828651631,0.1451299277307731,0.1035686900886413,0.0661501102368666,0.0838132689540272,0.1223266681928458
2024-08-28 08:00:00,0.1495519063521069,0.0738757074876877,-0.0604452082607515,0.0591339845447617,0.0819654116617328,0.0921135334443803,0.0712881803840397
2024-08-28 09:00:00,0.2058019803049573,0.0777743397077697,0.0,0.0354636132272423,-0.1251785279557287,-0.2334393848607451,0.1058201156948126
2024-08-28 10:00:00,0.0266273293829479,0.0,0.1812261263848654,-0.0354636132272404,-0.0529394649596308,-0.0395590964107481,0.0203371906905739
2024-08-28 11:00:00,0.1888504360887476,0.0816638393140841,0.0164588282783248,0.0738683404348765,-0.0176527181231082,0.0719139939661799,0.0813074278470558
2024-08-28 12:00:00,0.0664118248078926,0.0868592539968272,0.1315731955961357,-0.0738683404348699,-0.1324948079210595,-0.1138877190309216,0.1015414071527868
2024-08-28 13:00:00,0.054690218451455,0.0486608414775733,-0.1754694256148978,0.088635462940218,0.1686795268914241,-0.0551922744827973,-0.0040596772562277
2024-08-28 14:00:00,-0.095594685842697,-0.1289372070322417,0.0987394346752153,0.0590466928866006,-0.0750316712975137,-0.1080730679057109,-0.0609149443189849
2024-08-28 15:00:00,0.1247859552067658,0.0934302795207298,0.142451727482796,0.1710385106073865,0.3526003494470891,0.3238694399530173,0.1217928049219355
2024-08-28 16:00:00,-0.1253172921301515,-0.1461055246909273,-0.1698695700897002,-0.1267763599245824,-0.1074113959337592,-0.0191630536912391,-0.1664873590251569
2024-08-28 17:00:00,-0.1116433483497575,-0.2030591415027637,0.0186449508368292,0.0088500796564997,-0.1331035803917653,-0.176232624661751,-0.1219958672715496
2024-08-28 18:00:00,0.0265930572413715,0.0224358763800478,0.0175450139713496,0.0,-0.0882456816885036,0.0563802684000796,0.0610165373741624
2024-08-28 19:00:00,-0.4477046662877886,-0.3926940251960876,-0.4043161806595288,-0.3102197660257966,0.2821125030707906,-0.1824511369167417,-0.4687476738709213
2024-08-29 08:00:00,0.3524688440386697,0.2685737446474371,0.3132679681839921,0.2216837039335227,-0.3209652868316588,0.2759482968593298,0.3751737538227159
2024-08-29 09:00:00,0.0622593788319792,0.4613709558938838,0.3779107700032129,0.5094839622419907,0.2698914135293859,0.1879283552760517,0.3108968722123019
2024-08-29 10:00:00,0.3451813503462931,0.1616347800899404,0.1911493020700525,0.1409009083446418,0.1716104073822843,0.0095665171971172,0.2634033212365312
2024-08-29 11:00:00,0.222408242408461,0.1613739436143718,0.3159594714293577,0.1612052638219328,0.043955271823827,0.047818863061384,0.2627113304677606
2024-08-29 12:00:00,-0.0158699090987292,-0.0052438384909724,-0.1306207938061664,-0.0146442902174211,0.0571129842120868,0.0621303562611381,-0.090860454697708
2024-08-29 13:00:00,0.0264484494815955,0.0327694801105255,0.1828213757229622,0.073200014980524,-0.0404150454898799,0.0776087008453647,0.1049868862837016
2024-08-29 14:00:00,0.0528759225948674,0.1427495904259582,0.0456531671661171,-0.0439135787840328,0.057103451039305,0.0596580418834635,0.1210019104600783
2024-08-29 15:00:00,-0.2090229866013218,-0.2607700085415907,0.0760423266485719,-0.2492085258325239,-0.3431108533830352,-0.2926650717919211,-0.1815578155018679
2024-08-29 16:00:00,0.0614292920527142,0.1180204181156201,0.1497428609413804,0.2111344860098887,0.1092193567742298,0.2258456725894777,0.0807330605348832
2024-08-29 17:00:00,0.3234692221549038,0.307509353097522,0.3355635198314637,0.3217082543584152,0.0871137681636609,0.0894801264702296,0.3825944539295058
2024-08-29 18:00:00,-0.0422241581234502,0.0156772575571908,0.0129669451139525,0.0875592905265421,0.043968027159484,0.1072705704770265,-0.0402042380681758
2024-08-29 19:00:00,-0.0818600766609231,-0.1071769436920854,-0.0432296908244293,-0.0642026491053812,-0.0395703544071931,0.2165739339546695,-0.1106450719918446
2024-08-30 08:00:00,-0.2661116752247037,-0.1819407950989634,-0.4029337254012394,-0.0963813270088869,-0.045745252528562,-0.1582194107165019,-0.2842142185904487
2024-08-30 09:00:00,0.2814325282563808,0.5239821473791471,0.1865045052286047,0.5042419381442597,0.5501920241360269,0.1344430039328344,0.3586616510775267
2024-08-30 10:00:00,0.0475325342733452,0.0989995912453859,-0.054180574339149,-0.0436198680872312,0.0349974630411786,-0.1403959872721874,0.0402187907609201
2024-08-30 11:00:00,0.0316758089218483,0.0676801358612538,0.0574304754882602,0.0290820260588856,-0.0787615229436943,0.0773611554682377,0.0803890874917275
2024-08-30 12:00:00,0.0659590602849308,-0.0963278344750583,0.002166542090576,0.0290735708753712,-0.0131329536639246,0.0689794635060519,0.0
2024-08-30 13:00:00,-0.0290166267305918,-0.1381449699046699,-0.146347041995784,-0.0581555969342644,0.0166347833703069,-0.0927765223018979,-0.1065294614479349
2024-08-30 14:00:00,-0.0126644398529284,-0.1187485866876793,-0.078139417713175,0.0145420702347497,-0.2542010257098303,-0.0869073539029935,-0.080474805670921
2024-08-30 15:00:00,-0.0079160894559474,-0.0535482240662603,-0.0705950102357199,0.0058162360245019,0.0877285384545523,-0.0476525187416384,0.0201247736642272
2024-08-30 16:00:00,-0.1690260279875987,-0.230191840901082,-0.2480203168531217,-0.0931003951278923,0.0517237612075238,-0.1800931961908902,-0.183284877944308
2024-08-30 17:00:00,-0.0952028421195215,-0.1559418744670976,0.1001524142064593,-0.0145547696236864,0.0692153720798503,0.0441588053268102,-0.1412173165345749
2024-08-30 18:00:00,-0.002645817623947,-0.0524720926103168,-0.1328325090517066,-0.0815458813554165,-0.1270776264646019,-0.0978917538717987,-0.0605828084524482
2024-08-30 19:00:00,0.0476140099991196,-0.0603769640854196,-0.0512202974346807,-0.0291396519873515,0.0482208700497831,0.029855202490746,-0.0202024284005969
